数字电路设计	SKILL
RTL	SKILL
电路优化	SKILL
VCS	SKILL
Deisgncompiler	SKILL
IC软件与开发工具	SKILL
数字前端设计	SKILL
SoC芯片设计	SKILL
PU	SKILL
NPU	SKILL
TCP	SKILL
IP协议	SKILL
SDN	SKILL
linux虚拟化	SKILL
路由协议	SKILL
ospf	SKILL
bgp	SKILL
负载均衡技术	SKILL
负载均衡	SKILL
troubleshooting	SKILL
linux	SKILL
操作系统	SKILL
shell	SKILL
python	SKILL
perl	SKILL
awk	SKILL
sed	SKILL
grep	SKILL
strace	SKILL
tcpdump	SKILL
gdb	SKILL
Linux	SKILL
unix操作系统	SKILL
Shell编程	SKILL
Perl	SKILL
PHP	SKILL
Python	SKILL
TCP	SKILL
IP	SKILL
HTTP	SKILL
网络	SKILL
存储	SKILL
计算机体系结构	SKILL
docker	SKILL
kubernetes	SKILL
elk	SKILL
promethus	SKILL
web前端页面	SKILL
前端框架	SKILL
攻防对抗	SKILL
CISSP	SKILL
CISA	SKILL
CISP	SKILL
PMP	SKILL
计算机	SKILL
C++	SKILL
JAVA	SKILL
Android	SKILL
操作系统	SKILL
显示系统	SKILL
窗口管理	SKILL
共享内存	SKILL
显存	SKILL
图形渲染	SKILL
Hive	SKILL
Hadoop	SKILL
HDFS	SKILL
Mapreduce	SKILL
Yarn	SKILL
spark	SKILL
flink	SKILL
大数据开发技术	SKILL
数仓	SKILL
数仓分层	SKILL
数据建模	SKILL
Linux操作系统	SKILL
数据库	SKILL
JAVA	SKILL
python	SKILL
消息队列	SKILL
缓存	SKILL
Linux	SKILL
Unix	SKILL
C++编程	SKILL
算法	SKILL
数据结构	SKILL
网络编程	SKILL
多线程编程技术	SKILL
存储设备	SKILL
文件系统	SKILL
操作系统原理	SKILL
分布式系统理论	SKILL
分布式系统设计	SKILL
数据库存储引擎	SKILL
NoSQL存储引擎	SKILL
分布式系统	SKILL
Hadoop	SKILL
HDFS	SKILL
Mongodb	SKILL
Dynamodb	SKILL
AWS-S3	SKILL
GFS	SKILL
BigTable	SKILL
UE4引擎开发	SKILL
UE4渲染	SKILL
全局光照	SKILL
后处理	SKILL
C++	SKILL
蓝图	SKILL
UE4引擎	SKILL
数据结构	SKILL
API	SKILL
Vulkan	SKILL
OpenGL	SKILL
DX	SKILL
Metal	SKILL
3D引擎开发	SKILL
GPU驱动开发	SKILL
软件开发	SKILL
C++	SKILL
Python	SKILL
Go	SKILL
操作系统架构设计	SKILL
Linux系统	SKILL
操作系统	SKILL
systemd	SKILL
glibc	SKILL
gcc	SKILL
linux	SKILL
CentOS	SKILL
Suse	SKILL
fedora	SKILL
软件开发	SKILL
C++	SKILL
Python	SKILL
Go	SKILL
服务器端性能	SKILL
前台性能	SKILL
LINUX	SKILL
TCP	SKILL
HTTP	SKILL
网络编程	SKILL
Linux系统	SKILL
软件测试	SKILL
Linux	SKILL
Unix	SKILL
C++编程	SKILL
算法	SKILL
数据结构	SKILL
网络编程	SKILL
多线程编程技术	SKILL
存储设备	SKILL
文件系统	SKILL
操作系统原理	SKILL
分布式系统理论	SKILL
分布式系统设计	SKILL
数据库存储引擎	SKILL
NoSQL存储引擎	SKILL
分布式系统	SKILL
Hadoop	SKILL
HDFS	SKILL
Mongodb	SKILL
Dynamodb	SKILL
AWS-S3	SKILL
GFS	SKILL
BigTable	SKILL
软件测试	SKILL
linux操作系统	SKILL
Shell	SKILL
Python	SKILL
Go	SKILL
Java语言	SKILL
自动化脚本开发	SKILL
微服务框架	SKILL
消息队列	SKILL
Docker	SKILL
Kubernetes	SKILL
计算机	SKILL
软件技术	SKILL
软件开发	SKILL
C++	SKILL
Python	SKILL
测试自动化	SKILL
持续集成	SKILL
静态分析	SKILL
开发调试工具	SKILL
框架设计	SKILL
分布式系统	SKILL
IAAS云	SKILL
openstack	SKILL
TCP	SKILL
IP协议	SKILL
GRE	SKILL
VXLAN	SKILL
组播	SKILL
广播	SKILL
NFV	SKILL
SDN	SKILL
防火墙	SKILL
计算机	SKILL
Linux	SKILL
Unix操作系统	SKILL
数据库技术	SKILL
MySQL	SKILL
postgreSql	SKILL
mongodb	SKILL
Shell	SKILL
PHP	SKILL
Python	SKILL
golang	SKILL
软件系统测试	SKILL
测试开发	SKILL
自动化测试	SKILL
软件测试	SKILL
linux操作系统	SKILL
Shell	SKILL
Python	SKILL
Go	SKILL
Java语言	SKILL
自动化脚本开发	SKILL
微服务框架	SKILL
消息队列	SKILL
Docker	SKILL
Kubernetes	SKILL
AI	SKILL
算法	SKILL
数据结构	SKILL
C++	SKILL
Java	SKILL
Python	SKILL
机器学习	SKILL
强化学习	SKILL
深度学习	SKILL
最优化理论	SKILL
游戏引擎架构	SKILL
Unreal	SKILL
3D游戏	SKILL
UE	SKILL
Unity	SKILL
Frostbite	SKILL
CryEngine	SKILL
c++	SKILL
c#	SKILL
python	SKILL
lua	SKILL
c++	SKILL
数据结构	SKILL
设计模式	SKILL
游戏AI	SKILL
大世界程序化生成	SKILL
角色动画	SKILL
网络同步	SKILL
场景渲染	SKILL
逻辑框架	SKILL
插件开发	SKILL
计算机	SKILL
linux后台开发	SKILL
Golang开发	SKILL
分布式系统开发	SKILL
脚本语言	SKILL
shell	SKILL
python	SKILL
linux	SKILL
性能调优	SKILL
网络服务程序	SKILL
高并发	SKILL
高性能	SKILL
分布式系统设计	SKILL
推荐系统	SKILL
分布式系统	SKILL
NoSQL	SKILL
leveldb	SKILL
memcache	SKILL
redis	SKILL
C++	SKILL
数据结构	SKILL
算法	SKILL
typescript	SKILL
设计模式	SKILL
多线程	SKILL
网络	SKILL
界面开发	SKILL
C++	SKILL
golang语言	SKILL
LINUX	SKILL
UNIX	SKILL
网络开发	SKILL
cdn	SKILL
音视频通讯系	SKILL
云计算	SKILL
云计算	SKILL
计算机	SKILL
软件技术	SKILL
后端系统开发	SKILL
golang	SKILL
python	SKILL
php	SKILL
mysql	SKILL
redis	SKILL
memcache	SKILL
数据库	SKILL
性能调优	SKILL
性能优化	SKILL
持续集成	SKILL
静态分析	SKILL
框架设计	SKILL
分布式系统	SKILL
CI/CD	SKILL
devops	SKILL
workflow	SKILL
docker	SKILL
K8s	SKILL
cloudnative	SKILL
社区应用	SKILL
UE4框架	SKILL
UE4	SKILL
GC	SKILL
反射	SKILL
序列化	SKILL
UE4多人游戏架构	SKILL
UE4	SKILL
DedicatedServers	SKILL
渲染管线	SKILL
Unix	SKILL
Linux	SKILL
c++开发	SKILL
数据库	SKILL
TCP	SKILL
进程间通讯编程	SKILL
Unix	SKILL
Linux	SKILL
架构设计	SKILL
Unix	SKILL
操作系统原理	SKILL
Shell工具	SKILL
分布式开发	SKILL
前端技术	SKILL
web前端开发	SKILL
HTML5	SKILL
CSS3	SKILL
JavaScript	SKILL
Webpack技术	SKILL
Vue	SKILL
React	SKILL
Angular	SKILL
NodeJS	SKILL
HTTPAPI接口程序	SKILL
SQL	SKILL
数据库	SKILL
CRUD操作	SKILL
HTTP	SKILL
后台运营系统	SKILL
计算机	SKILL
数学	SKILL
统计	SKILL
数据研发	SKILL
SQL	SKILL
脚本语言	SKILL
python	SKILL
php	SKILL
golang	SKILL
c++	SKILL
大数据	SKILL
hive	SKILL
spark	SKILL
flink	SKILL
计算机	SKILL
软件工程	SKILL
iOS	SKILL
Mac开发	SKILL
Objective-C	SKILL
面向对象程序设计	SKILL
数据结构	SKILL
算法	SKILL
C++开发	SKILL
UE4开发	SKILL
游戏开发	SKILL
C++	SKILL
TypeScript	SKILL
Lua	SKILL
脚本语言	SKILL
Gameplay开发	SKILL
性能优化	SKILL
编辑器扩展	SKILL
UE	SKILL
FPS游戏	SKILL
Linux后台开发	SKILL
Golang	SKILL
Java	SKILL
C++	SKILL
Python	SKILL
PHP	SKILL
TCP	SKILL
IP协议	SKILL
网络编程	SKILL
算法	SKILL
数据结构	SKILL
设计模式	SKILL
多线程	SKILL
分布式	SKILL
DB	SKILL
redis	SKILL
Android	SKILL
AndroidUI框架	SKILL
性能指标	SKILL
TCP	SKILL
UDP	SKILL
HTTP	SKILL
网络协议	SKILL
跨平台研发	SKILL
公共组件	SKILL
软件开发	SKILL
C++	SKILL
Python	SKILL
Go	SKILL
服务器端性能	SKILL
前台性能	SKILL
协议	SKILL
LINUX	SKILL
TCP	SKILL
HTTP	SKILL
网络编程	SKILL
Linux系统	SKILL
软件测试	SKILL
高性能	SKILL
分布式架构设计	SKILL
计算机	SKILL
地理信息	SKILL
GIS	SKILL
C++语言	SKILL
移动端	SKILL
Android	SKILL
车载系统开发	SKILL
UE4引擎开发	SKILL
软件工程	SKILL
C++	SKILL
脚本语言	SKILL
设计模式	SKILL
数据结构	SKILL
算法	SKILL
游戏引擎	SKILL
3D图形渲染技术	SKILL
数学	SKILL
Shader	SKILL
GPU	SKILL
CPU架构	SKILL
移动端图形优化	SKILL
移动端渲染	SKILL
UE引擎	SKILL
PBR	SKILL
卡通渲染	SKILL
计算机科学	SKILL
Unreal引擎开发	SKILL
AI	SKILL
C++	SKILL
数学	SKILL
数据结构	SKILL
算法	SKILL
设计模式	SKILL
寻路	SKILL
避障	SKILL
行为树	SKILL
计划	SKILL
机器学习技术	SKILL
PC	SKILL
网络游戏	SKILL
后台系统开发	SKILL
achelororabovedegreeincomputerscienceorrelatedcurriculum	SKILL
nrealdevelopmentexperienceisrequired	SKILL
withexperienceingameAIsystemsdevelopment	SKILL
ighlyaccountable	SKILL
goodcommunicationsklls	SKILL
luentinC	SKILL
C++	SKILL
solidknowledgeinmathematics	SKILL
datastrcturesandalgorithms	SKILL
goodknowledgeincommondesignpatterns	SKILL
test-drivendevelopment	SKILL
amiliarwithPC	SKILL
mobileplatformgamedevelopment	SKILL
AI芯片	SKILL
电路设计	SKILL
SOC	SKILL
SOC	SKILL
软硬件	SKILL
IP	SKILL
PCIe	SKILL
DDR	SKILL
GDDR	SKILL
NoC	SKILL
游戏引擎	SKILL
渲染引擎	SKILL
c++	SKILL
API	SKILL
OpenGL	SKILL
Dx	SKILL
metal	SKILL
vulkan	SKILL
数学	SKILL
图形学	SKILL
引擎研发	SKILL
光照系统	SKILL
材质系统	SKILL
物理	SKILL
粒子系统	SKILL
动画系统	SKILL
GamePlay框架	SKILL
渲染管线	SKILL
移动端性能优化	SKILL
计算机科学	SKILL
Unity	SKILL
UE4	SKILL
图形渲染	SKILL
图形学算法	SKILL
图形学技术	SKILL
CPU	SKILL
GPU架构	SKILL
C++	SKILL
数学	SKILL
数据结构	SKILL
算法	SKILL
设计模式	SKILL
achelororabovedegreeincomputerscienceorrelatedcurriculum	SKILL
followstate-of-the-artcomputegraphicstechnologyandtheirapplicationingames	SKILL
GPUarchitectureandrelateddevelopentskills	SKILL
ighlyaccountable	SKILL
goodcommunicationsklls	SKILL
luentinC	SKILL
C++	SKILL
solidknowledgeinmathematics	SKILL
datastrcturesandalgorithms	SKILL
goodknowledgeincommondesignpatterns	SKILL
test-drivendevelopment	SKILL
amiliarwithPC	SKILL
mobileplatformgamedevelopment	SKILL
pcie协议	SKILL
pciephy	SKILL
controller子系统	SKILL
FPGA	SKILL
Zebu	SKILL
PCIE子系	SKILL
bringup	SKILL
软硬件	SKILL
数字前端设计	SKILL
数字电路设计	SKILL
RTL	SKILL
SoC芯片设计	SKILL
芯片后端设计	SKILL
SoC芯片设计	SKILL
后端设计	SKILL
PR	SKILL
CTS	SKILL
STA	SKILL
PV	SKILL
DRV	SKILL
LVS	SKILL
LEC	SKILL
SYNTHESIS	SKILL
TCL	SKILL
Perl	SKILL
Python	SKILL
计算机	SKILL
ESL建模	SKILL
CPU建模	SKILL
NoC架构	SKILL
ESL仿真方法学	SKILL
cycleaccurate	SKILL
approximate模型	SKILL
虚拟原型功能模型	SKILL
C++	SKILL
SystemC	SKILL
TLM2	SKILL
Python	SKILL
暖通	SKILL
自动化	SKILL
数据中	SKILL
MBB战略管理咨	SKILL
IDC	SKILL
IDC建设	SKILL
IDC	SKILL
数据中	SKILL
数据中心	SKILL
AHU	SKILL
DX	SKILL
CW	SKILL
液冷	SKILL
压缩机	SKILL
风机	SKILL
水泵	SKILL
蒸发器	SKILL
冷凝器	SKILL
风道管道设计	SKILL
数据中	SKILL
AutoCAD	SKILL
三维设计软件	SKILL
CREO	SKILL
CFD仿真模拟	SKILL
FEA工具	SKILL
Ansys	SKILL
DFMEA	SKILL
redis	SKILL
mysql	SKILL
数据库	SKILL
oracle	SKILL
mysql	SKILL
redis数据库	SKILL
GO语言	SKILL
前端开发	SKILL
React	SKILL
Vue	SKILL
前端框架	SKILL
Web	SKILL
Typescript	SKILL
nodejs	SKILL
前端架构	SKILL
web	SKILL
结构设计	SKILL
程序架构优化	SKILL
前端开发	SKILL
html5	SKILL
css3	SKILL
javascript	SKILL
web开发技术	SKILL
react	SKILL
vue	SKILL
web	SKILL
自动化部署	SKILL
web	SKILL
web	SKILL
应用开发	SKILL
python	SKILL
python	SKILL
linux	SKILL
网络通信	SKILL
深度学习	SKILL
golang	SKILL
C++开发	SKILL
数据运营	SKILL
数学	SKILL
统计学	SKILL
计算机	SKILL
数据结构	SKILL
算法	SKILL
Kubernetes云	SKILL
网络框架	SKILL
存储架构	SKILL
rocksdb	SKILL
raft	SKILL
paxos	SKILL
分布式	SKILL
acm	SKILL
计算机	SKILL
统计	SKILL
大数据	SKILL
Hive	SKILL
Python	SKILL
Spark	SKILL
数仓建模	SKILL
ETL数据抽取	SKILL
游戏开发	SKILL
C#	SKILL
C++	SKILL
算法	SKILL
数学	SKILL
软件研发	SKILL
计算机系统	SKILL
OS	SKILL
数据结构	SKILL
Unity开	SKILL
软件开发	SKILL
架构设计	SKILL
Linux	SKILL
操作系统	SKILL
网络编程	SKILL
多线程编程	SKILL
分布式系统	SKILL
信息安全	SKILL
MYSQL数据库	SKILL
分布式系统	SKILL
C++	SKILL
Go编程	SKILL
面向对像编程	SKILL
分布式系统	SKILL
Shell	SKILL
Python	SKILL
Golang	SKILL
Linux操作系统	SKILL
TCP网络协议	SKILL
Open-Falcon	SKILL
Grafana	SKILL
promethues	SKILL
OpenStack	SKILL
存储系统	SKILL
流程引擎	SKILL
在线交易	SKILL
python	SKILL
Java	SKILL
golang	SKILL
前端设计	SKILL
架构可测性	SKILL
codereview	SKILL
单元测试	SKILL
CICD	SKILL
C++	SKILL
3D游戏引擎	SKILL
算法	SKILL
数学	SKILL
软件研发	SKILL
光照模型	SKILL
图形学算法	SKILL
渲染管线	SKILL
shader编程	SKILL
框架设计	SKILL
物理	SKILL
AI	SKILL
内容编辑	SKILL
移动平台优化	SKILL
引擎开发	SKILL
引擎技术	SKILL
PMP	SKILL
ITIL中级	SKILL
六西格玛黑带	SKILL
软件工程	SKILL
通信	SKILL
计算机	SKILL
云计算	SKILL
存储	SKILL
网络	SKILL
数据库	SKILL
安全	SKILL
ITIL	SKILL
点云	SKILL
pointcloud	SKILL
网格	SKILL
mesh	SKILL
lightfield	SKILL
多媒体传输	SKILL
DASH	SKILL
MMT	SKILL
深度学习	SKILL
多媒体处理	SKILL
压缩算法	SKILL
AVS	SKILL
MPEG	SKILL
视频编解码算法	SKILL
数学	SKILL
数据结构	SKILL
点云	SKILL
pointcloud	SKILL
网格	SKILL
mesh	SKILL
lightfield	SKILL
多媒体传输	SKILL
DASH	SKILL
MMT	SKILL
深度学习	SKILL
多媒体处理	SKILL
压缩算法	SKILL
AVS	SKILL
MPEG	SKILL
视频编解码算法	SKILL
数学	SKILL
数据结构	SKILL
点云	SKILL
pointcloud	SKILL
网格	SKILL
mesh	SKILL
lightfield	SKILL
多媒体传输	SKILL
DASH	SKILL
MMT	SKILL
深度学习	SKILL
多媒体处理	SKILL
压缩算法	SKILL
AVS	SKILL
MPEG	SKILL
视频编解码算法	SKILL
数学	SKILL
数据结构	SKILL
Linux	SKILL
Android	SKILL
C++	SKILL
Java开发	SKILL
Linux	SKILL
HTTP	SKILL
TCP	SKILL
UDP	SKILL
网络协议	SKILL
面向对象设计	SKILL
RTOS	SKILL
嵌入式	SKILL
Android端开发	SKILL
Android	SKILL
语音交互	SKILL
前端算法	SKILL
移动端推理框架	SKILL
tflite	SKILL
mnn	SKILL
tnn	SKILL
测试	SKILL
测试开发	SKILL
后台开发	SKILL
操作系统	SKILL
计算机网络	SKILL
数据库	SKILL
C++	SKILL
Java	SKILL
Python	SKILL
Shell	SKILL
Perl	SKILL
脚本语言	SKILL
ToB	SKILL
自动化测试	SKILL
专项测试	SKILL
白盒测试	SKILL
安卓	SKILL
windows	SKILL
H.264	SKILL
H.265	SKILL
RTC	SKILL
iOS	SKILL
Android	SKILL
用例设计	SKILL
脚本语言	SKILL
自动化	SKILL
前台性能	SKILL
操作系统	SKILL
计算机网络	SKILL
算法	SKILL
数据结构	SKILL
Linux	SKILL
Golang	SKILL
C++	SKILL
Java	SKILL
PB	SKILL
RPC	SKILL
名字服务	SKILL
配置中心	SKILL
MySQL	SKILL
Redis	SKILL
ZooKeeper	SKILL
Kafka	SKILL
ES	SKILL
owner	SKILL
K8s	SKILL
OpenTelemetry	SKILL
Go语言	SKILL
k8s	SKILL
mysql	SKILL
redis	SKILL
elk	SKILL
可运维性系统	SKILL
高可用	SKILL
Unix	SKILL
操作系统原	SKILL
go语言	SKILL
TCP	SKILL
socket编程	SKILL
多进程多线程编程	SKILL
Unix	SKILL
Linux	SKILL
架构设计	SKILL
大数据	SKILL
高并发	SKILL
架构设计	SKILL
软件研发	SKILL
计算机系统	SKILL
OS	SKILL
数据结构	SKILL
C#	SKILL
lua	SKILL
C++	SKILL
Unity3D	SKILL
Gameplay	SKILL
Geek	SKILL
游戏开发	SKILL
C#	SKILL
C++	SKILL
算法	SKILL
设计模式	SKILL
Unity3D	SKILL
Unreal	SKILL
c++	SKILL
c#	SKILL
算法	SKILL
设计模式	SKILL
数学	SKILL
moba开	SKILL
引擎底层机制	SKILL
crash	SKILL
计算机	SKILL
通信	SKILL
信号处理	SKILL
Linux系统	SKILL
C++11	SKILL
STL标准模板库	SKILL
GDB	SKILL
TCP	SKILL
IP	SKILL
UDP	SKILL
网络协议	SKILL
TCP	SKILL
QUIC	SKILL
实时传输	SKILL
算法	SKILL
W3C	SKILL
WebRTC	SKILL
WebRTC	SKILL
QOE	SKILL
H264	SKILL
H265	SKILL
VP9	SKILL
AV1	SKILL
ffmpeg	SKILL
x264	SKILL
x265	SKILL
WebRTC	SKILL
游戏引擎	SKILL
UE4引擎	SKILL
lua	SKILL
脚本语言	SKILL
脚本语言	SKILL
Linux	SKILL
Unix	SKILL
c++开发	SKILL
脚本语言	SKILL
shell	SKILL
python	SKILL
linux	SKILL
性能调优	SKILL
网络服务程序	SKILL
高并发	SKILL
高性能	SKILL
分布式系统设计	SKILL
推荐系统	SKILL
分布式系统	SKILL
NoSQL	SKILL
leveldb	SKILL
memcache	SKILL
redis	SKILL
动作捕捉	SKILL
3A游戏工具	SKILL
3A游戏引擎工具	SKILL
C++	SKILL
Python	SKILL
编程语言	SKILL
mocap技	SKILL
动作捕捉	SKILL
TD	SKILL
Maya	SKILL
Motionbuilder	SKILL
3dsMax开发	SKILL
UE	SKILL
Unity	SKILL
3D游戏引擎架构	SKILL
引擎接口	SKILL
游戏制作流	SKILL
3D游戏引擎架构	SKILL
引擎接口	SKILL
游戏制作流	SKILL
光影渲染	SKILL
多线程调度	SKILL
3D图形学	SKILL
数学	SKILL
算法	SKILL
3D图形渲染技术	SKILL
Shader	SKILL
移动游戏优化	SKILL
移动端图形优化技巧	SKILL
FPS游戏	SKILL
C++	SKILL
lua	SKILL
脚本语言	SKILL
UE4gameplay	SKILL
3C	SKILL
AI	SKILL
UE	SKILL
FPS游	SKILL
3D游戏引擎架构	SKILL
引擎接口	SKILL
游戏制作流	SKILL
光影渲染	SKILL
多线程调度	SKILL
3D图形学	SKILL
数学	SKILL
算法	SKILL
3D图形渲染技术	SKILL
Shader	SKILL
移动游戏优化	SKILL
移动端图形优化	SKILL
FPS游戏	SKILL
C++	SKILL
3D技术	SKILL
UE引擎底层架构设计	SKILL
UE引擎	SKILL
FPS游戏	SKILL
Go	SKILL
C++	SKILL
Linux系统	SKILL
shell命令	SKILL
TCP	SKILL
网络编程	SKILL
3D图形学	SKILL
数学	SKILL
算法	SKILL
动画	SKILL
移动游戏优化	SKILL
移动端图形优化	SKILL
软件设计	SKILL
Java	SKILL
Python	SKILL
Go	SKILL
SpringBoot	SKILL
MySQL	SKILL
K8S	SKILL
Docker	SKILL
Web应用开发	SKILL
分布式	SKILL
高可用	SKILL
高并发	SKILL
TF	SKILL
Pytorch	SKILL
机器学习框	SKILL
模型训练	SKILL
模型推理	SKILL
Linux	SKILL
C++语言	SKILL
shell	SKILL
python	SKILL
脚本语言	SKILL
高性能	SKILL
分布式开发	SKILL
机器学习	SKILL
强化学习	SKILL
深度学习	SKILL
最优化理论	SKILL
NeurIPS	SKILL
ICML	SKILL
ICLR	SKILL
AAAI	SKILL
算法	SKILL
数据结构	SKILL
C++	SKILL
Java	SKILL
Python	SKILL
k8s	SKILL
容器	SKILL
DeepLearning	SKILL
TF	SKILL
PyTorch	SKILL
计算机图形学	SKILL
三维计算机视觉	SKILL
计算机图形学算法	SKILL
虚拟形象创建	SKILL
2d/3d姿态估计与识别	SKILL
面部表情动捕技术	SKILL
视频动捕技术	SKILL
角色动作动画生成与渲染	SKILL
C++	SKILL
Python	SKILL
Java	SKILL
Tensorflow	SKILL
Caffe	SKILL
pytorch	SKILL
深度学习框架	SKILL
计算机视觉	SKILL
图形学	SKILL
SIGGRAPH	SKILL
SIGGRAPHAsia	SKILL
CVPR	SKILL
ICCV	SKILL
HDFS	SKILL
YARNFlink	SKILL
Spark	SKILL
impala	SKILL
Kudu	SKILL
Hive	SKILL
Elasticsearch	SKILL
Hbase	SKILL
Clickhouse	SKILL
大数据技术	SKILL
java	SKILL
python	SKILL
golang	SKILL
linux	SKILL
操作系统	SKILL
大数据	SKILL
3D图形学	SKILL
渲染管线	SKILL
数学	SKILL
算法	SKILL
C++语言	SKILL
Shader	SKILL
PC	SKILL
移动端硬件优化	SKILL
引擎开发	SKILL
计算机科学	SKILL
数据科学	SKILL
机器学习	SKILL
统计学	SKILL
应用数学	SKILL
Python	SKILL
SQL	SKILL
数据分析	SKILL
Hadoop	SKILL
Hive	SKILL
Spark	SKILL
大数据	SKILL
BTesting	SKILL
因果推断	SKILL
数据科学	SKILL
游戏开发	SKILL
C++	SKILL
C#	SKILL
Objective-C	SKILL
lua脚本语言	SKILL
android	SKILL
IOS系统	SKILL
数据结构	SKILL
面向对象	SKILL
unreal4引擎开发	SKILL
机器学习理论	SKILL
深度学习算法	SKILL
搜索	SKILL
广告	SKILL
推荐架构	SKILL
算法	SKILL
机器学习	SKILL
深度学习	SKILL
搜广推算法	SKILL
策略架构	SKILL
深度技术	SKILL
游戏开发	SKILL
UE4引擎开发	SKILL
3D游戏引擎架构	SKILL
3D图形渲染技术	SKILL
引擎框架	SKILL
Shader	SKILL
PBR渲染	SKILL
游戏引擎技术	SKILL
游戏技术	SKILL
C++	SKILL
游戏研发	SKILL
游戏研发	SKILL
算法	SKILL
数学	SKILL
软件研发	SKILL
计算机系统	SKILL
OS	SKILL
数据结构	SKILL
CPU	SKILL
RAM	SKILL
多线程编程技术	SKILL
DOD	SKILL
ECS	SKILL
UE4引擎	SKILL
Geek	SKILL
软件开发	SKILL
C++	SKILL
Python	SKILL
Go	SKILL
前端开发	SKILL
obs	SKILL
成本管理	SKILL
战略管理	SKILL
云计算	SKILL
信息化	SKILL
Linux后台开发	SKILL
C++	SKILL
数据结构	SKILL
算法	SKILL
设计模式	SKILL
网络编程	SKILL
数据库	SKILL
分布式开发	SKILL
软件开发	SKILL
架构设计	SKILL
分布式	SKILL
Java	SKILL
Golang	SKILL
SpringCloud	SKILL
Dubbo	SKILL
ServiceMesh框架	SKILL
Kafka	SKILL
ELK	SKILL
MySQL	SKILL
MongoDB	SKILL
Redis	SKILL
数据库	SKILL
Docker	SKILL
Kubernetes	SKILL
财务管理	SKILL
统计学	SKILL
数学	SKILL
计算机	SKILL
Python	SKILL
BI	SKILL
Python	SKILL
C++	SKILL
Java	SKILL
软硬件性能优化	SKILL
Docker	SKILL
Kubernetes底层技术	SKILL
后台服务系统	SKILL
分布式系统设计	SKILL
docker容器技术	SKILL
Kubernetes	SKILL
k8s	SKILL
k8s优化	SKILL
后台开发	SKILL
linux	SKILL
TCP	SKILL
IP	SKILL
开发框架	SKILL
架构设计	SKILL
分布式系统设计	SKILL
docker	SKILL
Kubernetes	SKILL
后端开发	SKILL
WebIDE开发	SKILL
Golang	SKILL
JAVA	SKILL
TypeScript	SKILL
Node.js	SKILL
设计模式	SKILL
Golang	SKILL
Java	SKILL
Node.js	SKILL
Spring	SKILL
Express	SKILL
Egg	SKILL
Linux	SKILL
云原生	SKILL
Shell	SKILL
Docker	SKILL
Kubernetes	SKILL
redis	SKILL
mysql	SKILL
自动化运维	SKILL
测试	SKILL
分布式	SKILL
IDE	SKILL
WebContainer	SKILL
Electron	SKILL
底层原理	SKILL
C++	SKILL
Java	SKILL
白盒测试	SKILL
小程序框架	SKILL
自动测试	SKILL
测试开发	SKILL
软件测试	SKILL
go	SKILL
python	SKILL
shell	SKILL
go语言	SKILL
测试工具	SKILL
脚本开发	SKILL
前后端性能测试	SKILL
协议测试	SKILL
C++	SKILL
3D数学	SKILL
图形	SKILL
数据结构	SKILL
算法	SKILL
3D游戏引擎架构	SKILL
3D引擎	SKILL
unreal4引擎	SKILL
动画	SKILL
maya	SKILL
3dmax	SKILL
计算机	SKILL
大数据	SKILL
java	SKILL
scala	SKILL
分布式网络	SKILL
进程通信	SKILL
数据同步	SKILL
调度	SKILL
大数据	SKILL
hadoop	SKILL
Hive	SKILL
Spark	SKILL
MapReduce	SKILL
Flink	SKILL
Hbase	SKILL
OLAP	SKILL
OLTP引擎选型	SKILL
大数据	SKILL
数据仓库	SKILL
机器学习方法	SKILL
iceberg	SKILL
hudi	SKILL
数据湖技术	SKILL
云计算	SKILL
IT技术文档与	SKILL
ITIL	SKILL
MSOffice	SKILL
WPS	SKILL
Processon	SKILL
Xmind	SKILL
Visio	SKILL
TAPD	SKILL
JIRA	SKILL
Confluence	SKILL
数据分	SKILL
网络架构	SKILL
OSPF	SKILL
BGP	SKILL
ISIS	SKILL
MPLSVPN	SKILL
TE	SKILL
EVPN	SKILL
Cisco	SKILL
Juniper	SKILL
H3C	SKILL
Huawei	SKILL
数据中心	SKILL
SDN网络设计	SKILL
CCIE	SKILL
JNCIE	SKILL
云计算	SKILL
IT技术文档与	SKILL
IT服务管理	SKILL
知识树	SKILL
知识图谱	SKILL
数据库	SKILL
MySQL	SKILL
PostgreSQL	SKILL
数据库	SKILL
数据库架构与设计	SKILL
数据库	SKILL
数据库选型	SKILL
Linux	SKILL
Java	SKILL
Python	SKILL
Perl	SKILL
Golang	SKILL
数据库	SKILL
网络	SKILL
CPU	SKILL
IO	SKILL
操作系统	SKILL
TDSQL	SKILL
Tbase	SKILL
数据库	SKILL
MySQL	SKILL
PostgreSQL	SKILL
数据库	SKILL
数据库架构与设计	SKILL
数据库	SKILL
数据库选型	SKILL
Linux	SKILL
Java	SKILL
Python	SKILL
Perl	SKILL
Golang	SKILL
数据库	SKILL
网络	SKILL
CPU	SKILL
IO	SKILL
操作系统	SKILL
TDSQL	SKILL
Tbase	SKILL
Linux	SKILL
Linux	SKILL
Linux内核	SKILL
内核网络	SKILL
存储	SKILL
文件系统	SKILL
内存	SKILL
调度器	SKILL
Cgroup	SKILL
KVM	SKILL
Xen	SKILL
虚拟化技术	SKILL
分布式系统理论	SKILL
分布式存储系统	SKILL
Linux底层工具链	SKILL
CPU体系结构	SKILL
底层性能调优	SKILL
网络	SKILL
TCP	SKILL
OSPF	SKILL
BGP	SKILL
IPSecVPN	SKILL
SSLVPN	SKILL
NAT	SKILL
MPLS原理	SKILL
docker	SKILL
kubernetes	SKILL
helm	SKILL
K8S集	SKILL
k8s	SKILL
prometheus监控	SKILL
k8sCNI网络模型	SKILL
分布式存储	SKILL
操作系统	SKILL
硬件RAS	SKILL
内核故障调试	SKILL
linux命令	SKILL
shell	SKILL
云计算	SKILL
公有云	SKILL
私有云	SKILL
混合云	SKILL
PaaS	SKILL
SaaSetc.	SKILL
数据分析挖掘	SKILL
计算机	SKILL
linux操作系统	SKILL
TCP	SKILL
IP网络协议	SKILL
shell	SKILL
Python	SKILL
Java	SKILL
go	SKILL
K8S	SKILL
中间件	SKILL
数据库	SKILL
大数据	SKILL
Docker	SKILL
Kubernetes	SKILL
webserver	SKILL
中间件	SKILL
大数据	SKILL
数据库	SKILL
云计算	SKILL
存储	SKILL
网络	SKILL
数据库	SKILL
中间件	SKILL
安全	SKILL
大数据	SKILL
网络和系统	SKILL
数据库	SKILL
网络	SKILL
linux	SKILL
mysql	SKILL
redis	SKILL
存储	SKILL
中间件	SKILL
docker	SKILL
kubernetes	SKILL
elk	SKILL
promethus	SKILL
IaaS	SKILL
PaaS	SKILL
SaaS	SKILL
python	SKILL
golang	SKILL
云计算	SKILL
IT技术文档	SKILL
IT	SKILL
Python	SKILL
Go	SKILL
HTML	SKILL
JS	SKILL
Css	SKILL
HTTP原理	SKILL
Shell	SKILL
Linux	SKILL
react	SKILL
vue	SKILL
Docker	SKILL
K8s	SKILL
Devops	SKILL
mysql	SKILL
mongo	SKILL
redis	SKILL
rabbitmq	SKILL
es	SKILL
promehtues	SKILL
grafana	SKILL
运营支撑系统	SKILL
操作系统	SKILL
Shell	SKILL
linux网络编程	SKILL
GO	SKILL
Python	SKILL
C++	SKILL
HTML	SKILL
JS	SKILL
Css	SKILL
HTTP原理	SKILL
MySql数据库	SKILL
消息队列	SKILL
redis	SKILL
nosql技术	SKILL
容器	SKILL
Kubernetes	SKILL
serverless	SKILL
自动化运维系统	SKILL
云计算	SKILL
IT技术文档与	SKILL
IT	SKILL
ITIL	SKILL
ITSM	SKILL
架构设计	SKILL
原型开发	SKILL
C++	SKILL
QT	SKILL
网络	SKILL
数据库	SKILL
软件架构	SKILL
软件架构	SKILL
架构设计	SKILL
原型开发	SKILL
C++	SKILL
QT	SKILL
网络	SKILL
数据库	SKILL
软件架构	SKILL
软件架构	SKILL
大数据	SKILL
java	SKILL
scala	SKILL
分布式网络	SKILL
进程通信	SKILL
数据同步	SKILL
调度	SKILL
大数据	SKILL
hadoop	SKILL
Hive	SKILL
Spark	SKILL
MapReduce	SKILL
Flink	SKILL
Hbase	SKILL
OLAP	SKILL
OLTP引擎选型	SKILL
大数据	SKILL
数据仓库	SKILL
数据中	SKILL
BA	SKILL
数学	SKILL
统计	SKILL
计算机	SKILL
安全攻防	SKILL
数据策略分析	SKILL
策略运营优化	SKILL
Hadoop	SKILL
Spark	SKILL
Flink	SKILL
大数据	SKILL
数据结构	SKILL
算法	SKILL
UE4	SKILL
游戏引擎	SKILL
渲染	SKILL
动画	SKILL
物理移动	SKILL
性能调优	SKILL
C++编程	SKILL
操作系统	SKILL
数据结构	SKILL
算法	SKILL
设计模式	SKILL
3D游戏开发	SKILL
3D游戏	SKILL
C++	SKILL
C#语言	SKILL
数据结构	SKILL
OpenGLES	SKILL
Vulkan	SKILL
Metal	SKILL
Shader	SKILL
3D引擎开发	SKILL
Unity	SKILL
UE框架	SKILL
渲染	SKILL
动画	SKILL
物理	SKILL
性能优化	SKILL
渲染管线	SKILL
移动游戏优化	SKILL
移动端图形优化	SKILL
C++编程	SKILL
JAVA开发语言	SKILL
Android移动端应用开发	SKILL
JNI接口通讯方式	SKILL
深度学习	SKILL
计算机	SKILL
软件工程	SKILL
Windows	SKILL
UI框架	SKILL
QT	SKILL
C++语言	SKILL
git	SKILL
数据结构	SKILL
算法	SKILL
C++编程	SKILL
Objective-C开发语言	SKILL
GCD	SKILL
数据结构	SKILL
算法	SKILL
深度学习	SKILL
C++编程	SKILL
HTTP	SKILL
Web调试工具	SKILL
HTML	SKILL
CSS	SKILL
JavaScript	SKILL
Web应用程序	SKILL
JS框架	SKILL
深度学习	SKILL
编解码器优化算法	SKILL
计算机原理	SKILL
硬件	SKILL
Linux内核	SKILL
服务器硬件	SKILL
OS测试	SKILL
KVM虚拟化技术	SKILL
KVM虚拟机	SKILL
KVM	SKILL
libvirt	SKILL
qemu	SKILL
Shell	SKILL
Python语言	SKILL
自动化脚本开发	SKILL
计算机原理	SKILL
硬件	SKILL
Linux内核	SKILL
服务器硬件	SKILL
OS测试	SKILL
KVM虚拟化技术	SKILL
KVM虚拟机	SKILL
KVM	SKILL
libvirt	SKILL
qemu	SKILL
Shell	SKILL
Python语言	SKILL
自动化脚本开发	SKILL
软件研发	SKILL
计算机系统	SKILL
OS	SKILL
数据结构	SKILL
C++	SKILL
Lua	SKILL
UE4引擎	SKILL
Gameplay	SKILL
Geek	SKILL
Linux运维	SKILL
Linux	SKILL
linux命令	SKILL
shell	SKILL
python	SKILL
Linux内核	SKILL
内核网络	SKILL
存储	SKILL
文件系统	SKILL
内存	SKILL
调度器	SKILL
CGroup	SKILL
KVM	SKILL
Xen	SKILL
虚拟化技术	SKILL
分布式系统理论	SKILL
分布式存储系统	SKILL
TCP	SKILL
OSPF	SKILL
BGP	SKILL
IPSecVPN	SKILL
SSLVPN	SKILL
NAT	SKILL
MPLS原理	SKILL
docker	SKILL
kubernetes	SKILL
helm	SKILL
K8S	SKILL
k8s	SKILL
k8sCNI网络模型	SKILL
分布式存储CSI	SKILL
CPU体系结构	SKILL
底层性能调优	SKILL
网络	SKILL
prometheus监控系统	SKILL
操作系统	SKILL
硬件RAS	SKILL
内核故障调试	SKILL
计算机	SKILL
应用数学	SKILL
模式识别	SKILL
人工智能	SKILL
统计学	SKILL
机器学习	SKILL
数据挖掘	SKILL
概率统计	SKILL
最优化	SKILL
深度学习	SKILL
强化学习	SKILL
数据处理	SKILL
并行计算	SKILL
算法	SKILL
数据结构	SKILL
计算广告	SKILL
推荐	SKILL
搜索	SKILL
自然语言处理	SKILL
计算机	SKILL
网络	SKILL
数据结构	SKILL
HTML	SKILL
CSS	SKILL
Javascript	SKILL
JavaScript	SKILL
面向对象编程	SKILL
Web标准	SKILL
MVVM框架	SKILL
Vue.js	SKILL
小程序开发框架	SKILL
uni-app	SKILL
mpvue	SKILL
小程序	SKILL
webpack	SKILL
计算机	SKILL
数据结构	SKILL
Web开发	SKILL
Linux	SKILL
Linux	SKILL
TCP	SKILL
IP协议	SKILL
HTTP协议	SKILL
MySQL	SKILL
数据库优化	SKILL
数据结构设计	SKILL
Node.js	SKILL
Golang	SKILL
云计算	SKILL
IT技术文档与	SKILL
IT	SKILL
数据分析	SKILL
ITIL	SKILL
ITSM	SKILL
PHP开发	SKILL
C++开发	SKILL
PHP开发	SKILL
larveral框架	SKILL
操作系统	SKILL
Mysql	SKILL
网络tcpip协议	SKILL
算法	SKILL
PHP开发	SKILL
C++开发	SKILL
PHP开发	SKILL
larveral框架	SKILL
操作系统	SKILL
Mysql	SKILL
网络tcpip协议	SKILL
算法	SKILL
编程	SKILL
算法	SKILL
图形学	SKILL
3D引擎	SKILL
3d渲染引擎	SKILL
unity	SKILL
光照系统	SKILL
GI系统	SKILL
渲染管线	SKILL
URP管线	SKILL
GDC	SKILL
Siggraphic	SKILL
图形学	SKILL
视觉艺术	SKILL
ACG	SKILL
Unity3D	SKILL
引擎开发	SKILL
Unity	SKILL
数据结构	SKILL
面向对象开发	SKILL
Android	SKILL
Android	SKILL
跨端开发	SKILL
跨端开发框架	SKILL
RN	SKILL
Flutter	SKILL
Vue2.x	SKILL
Vue3	SKILL
React	SKILL
架构设计	SKILL
模块化	SKILL
插件化	SKILL
动态化	SKILL
沙箱机制	SKILL
App内沙箱机制	SKILL
0-1	SKILL
App	SKILL
机器学习	SKILL
推荐算法	SKILL
增长营销	SKILL
算法	SKILL
python	SKILL
java	SKILL
scala	SKILL
C++	SKILL
机器学习	SKILL
javascript	SKILL
css	SKILL
html	SKILL
nodejs	SKILL
前端开发框架	SKILL
Vue框架	SKILL
erp	SKILL
crm	SKILL
oa	SKILL
CI	SKILL
前端工程化	SKILL
模块化	SKILL
组件化	SKILL
HTTP协议	SKILL
网络安全	SKILL
xss	SKILL
csrf	SKILL
sql注入	SKILL
前端性能优化	SKILL
网络加载优化	SKILL
界面渲染优化	SKILL
linux系	SKILL
apache	SKILL
nginx	SKILL
webserver	SKILL
C++	SKILL
3D游戏引擎	SKILL
算法	SKILL
数学	SKILL
计算机系统	SKILL
OS	SKILL
数据结构	SKILL
框架设计	SKILL
渲染	SKILL
动画	SKILL
网络同步	SKILL
物理	SKILL
游戏AI	SKILL
3D游戏引擎	SKILL
Linux系统	SKILL
TCP	SKILL
IP网络协议	SKILL
计算机	SKILL
Golang语言开发	SKILL
Java	SKILL
Python	SKILL
Shell	SKILL
Golang语言	SKILL
Kubernetes	SKILL
Docker	SKILL
Docker	SKILL
Kubernetes	SKILL
lstio	SKILL
linux内核	SKILL
Linux内核开发	SKILL
游戏服务器	SKILL
C++开发	SKILL
MMO	SKILL
Mongodb	SKILL
MySQL	SKILL
oracle	SKILL
MSSQL	SKILL
Socket	SKILL
多线程程序开发	SKILL
U3D	SKILL
UE4	SKILL
高性能	SKILL
分布式开发	SKILL
客户端框架	SKILL
网络层	SKILL
数据层	SKILL
逻辑层	SKILL
UI架构	SKILL
MMO	SKILL
ARPG	SKILL
计算机	SKILL
信息安全	SKILL
计算机	SKILL
Java	SKILL
Python	SKILL
Go	SKILL
C++	SKILL
JavaScript	SKILL
软件开发	SKILL
软件安全	SKILL
代码扫描工具	SKILL
代码扫描	SKILL
安全测试	SKILL
软件安全测试	SKILL
前端开发	SKILL
javascript	SKILL
HTML5	SKILL
CSS3	SKILL
前端框架	SKILL
React	SKILL
Vue	SKILL
Angular	SKILL
小程序开发	SKILL
Node.js服务端开发	SKILL
web	SKILL
web	SKILL
Linux后台开发	SKILL
Golang	SKILL
C++	SKILL
Java	SKILL
Python	SKILL
Golang	SKILL
网络编程	SKILL
操作系统	SKILL
数据库	SKILL
多线程	SKILL
设计模式	SKILL
SQL	SKILL
NoSQL	SKILL
自动化测试技术	SKILL
前端技术	SKILL
React框架	SKILL
AILab	SKILL
AI算法	SKILL
react	SKILL
HTML	SKILL
CSS	SKILL
javascript	SKILL
nodejs	SKILL
web应用程序	SKILL
javascript	SKILL
jQuery	SKILL
react.js	SKILL
WEB开发调试工具	SKILL
grunt	SKILL
gulp	SKILL
webpack	SKILL
前端工程化	SKILL
HTTP	SKILL
linux	SKILL
测试	SKILL
测试开发	SKILL
后台开发	SKILL
操作系统	SKILL
计算机网络	SKILL
数据库	SKILL
C++	SKILL
Java	SKILL
Python	SKILL
Shell	SKILL
Perl	SKILL
脚本语言	SKILL
ToB	SKILL
自动化测试	SKILL
专项测试	SKILL
白盒测试	SKILL
大数据	SKILL
大数据	SKILL
大数据	SKILL
spark	SKILL
hive	SKILL
es	SKILL
clickhouse	SKILL
spark	SKILL
hive	SKILL
大数据	SKILL
大数据	SKILL
数据湖	SKILL
linux系统	SKILL
脚本语言	SKILL
python	SKILL
shell	SKILL
CICD	SKILL
python	SKILL
java	SKILL
大数据	SKILL
计算机原理	SKILL
硬件	SKILL
Linux内核	SKILL
服务器硬件	SKILL
OS测试	SKILL
KVM虚拟化技术	SKILL
KVM虚拟机	SKILL
KVM	SKILL
libvirt	SKILL
qemu	SKILL
Shell	SKILL
Python语言	SKILL
自动化脚本开发	SKILL
王者游戏	SKILL
moba游戏	SKILL
算机科学	SKILL
统计学	SKILL
经济学	SKILL
生物统计	SKILL
实验设计	SKILL
因果推断	SKILL
计量经济	SKILL
SQL	SKILL
Python	SKILL
用户画像	SKILL
AB测试	SKILL
实验评估	SKILL
因果推断	SKILL
机器学习	SKILL
深度学习	SKILL
广告投放	SKILL
推荐	SKILL
NLP	SKILL
社交图网络	SKILL
软件研发	SKILL
计算机系统	SKILL
OS	SKILL
数据结构	SKILL
C++	SKILL
lua	SKILL
UE4引擎	SKILL
测试工具	SKILL
测试框架	SKILL
后台测试	SKILL
python	SKILL
C++	SKILL
Java	SKILL
nodejs	SKILL
golang	SKILL
前端设计	SKILL
支付	SKILL
MMO	SKILL
游戏引擎架构	SKILL
游戏图形算法	SKILL
C++	SKILL
UE4引擎开发	SKILL
UE4渲染管线	SKILL
UE4	SKILL
3D美术	SKILL
移动端性能优化	SKILL
崩溃分析	SKILL
CPU	SKILL
GPU架构	SKILL
AndroidNDK	SKILL
IOSXCODE	SKILL
C++开发	SKILL
C++	SKILL
3D游戏引擎	SKILL
算法	SKILL
数学	SKILL
软件研发	SKILL
光照模型	SKILL
图形学算法	SKILL
渲染管线	SKILL
shader编程	SKILL
框架设计	SKILL
物理	SKILL
AI	SKILL
内容编辑	SKILL
移动平台优化	SKILL
引擎开发	SKILL
引擎技术	SKILL
UE4引擎	SKILL
Golang	SKILL
C++	SKILL
Java	SKILL
Linux	SKILL
后台	SKILL
网络编程	SKILL
TCP	SKILL
IP	SKILL
HTTP	SKILL
C++	SKILL
3D图形技术	SKILL
虚幻引擎底层架构设计	SKILL
ACT游戏	SKILL
计算机	SKILL
Android	SKILL
Java	SKILL
Kotlin开发	SKILL
Android	SKILL
Android	SKILL
Git	SKILL
Maven	SKILL
Gradle	SKILL
AS	SKILL
插件化	SKILL
热修复	SKILL
Flutter跨平台技术	SKILL
Android	SKILL
数据结构	SKILL
算法	SKILL
Java	SKILL
Android	SKILL
Android	SKILL
移动端崩溃	SKILL
Matrix	SKILL
APM性能监控原理	SKILL
devops	SKILL
C++	SKILL
Go	SKILL
面向对象技术	SKILL
设计模式	SKILL
分布式处理框架	SKILL
spark	SKILL
hadoop	SKILL
ES	SKILL
分布式消息队列	SKILL
Kafka	SKILL
RabbitMQ	SKILL
mysql	SKILL
Redis	SKILL
Memcached	SKILL
Linux	SKILL
Unix	SKILL
网络编程	SKILL
高并发	SKILL
kubernetes	SKILL
多媒体	SKILL
HTML	SKILL
CSS	SKILL
JavaScript语言	SKILL
ES6规范	SKILL
Vue	SKILL
React	SKILL
Angular	SKILL
前端	SKILL
软件开发	SKILL
架构设计	SKILL
分布式	SKILL
Java	SKILL
Golang	SKILL
SpringCloud	SKILL
Dubbo	SKILL
微服务框架	SKILL
ServiceMesh框架	SKILL
Kafka	SKILL
ELK	SKILL
MySQL	SKILL
MongoDB	SKILL
Redis	SKILL
数据库	SKILL
Docker	SKILL
Kubernetes	SKILL
toB	SKILL
分布式系统	SKILL
HTML	SKILL
CSS	SKILL
JavaScript语言	SKILL
ES6规范	SKILL
WebGL	SKILL
Threejs	SKILL
Vue	SKILL
React	SKILL
Angular	SKILL
JavaScript	SKILL
HTML	SKILL
CSS	SKILL
移动web开发	SKILL
reactjs	SKILL
es6	SKILL
前端技术	SKILL
nodejs开发	SKILL
小程序开发	SKILL
JavaScript	SKILL
HTML	SKILL
CSSWeb	SKILL
数据结构	SKILL
算法	SKILL
原生js	SKILL
js框架	SKILL
vue	SKILL
react	SKILL
angular	SKILL
jquery	SKILL
数据结构	SKILL
复杂度分析	SKILL
C++	SKILL
脚本语言	SKILL
phython	SKILL
shell	SKILL
多线程	SKILL
多进程编程	SKILL
OS	SKILL
TCP	SKILL
UDP	SKILL
HTTP	SKILL
websocket	SKILL
K8S	SKILL
docker	SKILL
分布式系统	SKILL
软件开发	SKILL
架构设计	SKILL
分布式	SKILL
Java	SKILL
Golang	SKILL
SpringCloud	SKILL
Dubbo	SKILL
微服务框架	SKILL
ServiceMesh框架	SKILL
Kafka	SKILL
ELK	SKILL
MySQL	SKILL
MongoDB	SKILL
Redis	SKILL
数据库	SKILL
Docker	SKILL
Kubernetes	SKILL
toB	SKILL
分布式系统	SKILL
Java	SKILL
java	SKILL
设计模式	SKILL
DDD	SKILL
OO	SKILL
IOC	SKILL
AOP	SKILL
微服务架构设计	SKILL
SpringBoot	SKILL
SpringMVC微服务	SKILL
docker	SKILL
k8s容器技术	SKILL
Istio	SKILL
ServiceMesh	SKILL
Mysql	SKILL
SqlServer	SKILL
数据建模	SKILL
数据库	SKILL
性能调优	SKILL
MongoDB	SKILL
ElasticSearch	SKILL
vue前端框架技术	SKILL
IT系统	SKILL
SaaS	SKILL
linux	SKILL
计算机体系结构	SKILL
X86	SKILL
ARM	SKILL
RISC-V	SKILL
RTL设计	SKILL
算法建模	SKILL
性能分析	SKILL
前端设计	SKILL
仿真	SKILL
时序分析	SKILL
功耗分析	SKILL
视频编码技术	SKILL
H.264	SKILL
H.265	SKILL
AV1	SKILL
VVC	SKILL
算法	SKILL
码控	SKILL
ROI	SKILL
SVC	SKILL
SCC	SKILL
视频编码优化	SKILL
编解码器架构	SKILL
特性设计	SKILL
编码器工程	SKILL
window	SKILL
linux	SKILL
iOs	SKILL
NEON	SKILL
x86	SKILL
ARM	SKILL
视频编码器优化	SKILL
H265编码器优化	SKILL
webrtc	SKILL
ffmpeg	SKILL
视频编码	SKILL
webRTC	SKILL
会议	SKILL
云游戏	SKILL
虚拟直播	SKILL
在线教育	SKILL
会议	SKILL
云游戏	SKILL
多线程	SKILL
多线程视频编码优化	SKILL
AI编码压缩	SKILL
软件开发	SKILL
C++	SKILL
Python	SKILL
Go	SKILL
前端开发	SKILL
linux	SKILL
obs	SKILL
图形渲染	SKILL
图形引擎	SKILL
GPU编程模型	SKILL
编程管线	SKILL
图形编程	SKILL
API	SKILL
DirectX	SKILL
OpenGL	SKILL
ES)	SKILL
Metal	SKILL
Vulkan	SKILL
C++编程	SKILL
数学	SKILL
渲染算法	SKILL
实时光线追踪	SKILL
多光源算法	SKILL
AI	SKILL
GPU调试	SKILL
GPU	SKILL
视频编码技术	SKILL
H.264	SKILL
H.265	SKILL
算法	SKILL
码控	SKILL
ROI	SKILL
SVC	SKILL
SCC	SKILL
window	SKILL
linux	SKILL
iOs	SKILL
NEON	SKILL
x86	SKILL
ARM	SKILL
H265编码器优化	SKILL
计算机科学	SKILL
C++	SKILL
webrtc	SKILL
ffmpeg	SKILL
视频编码	SKILL
webRTC	SKILL
会议	SKILL
云游戏	SKILL
虚拟直播	SKILL
在线教育	SKILL
会议	SKILL
云游戏	SKILL
计算机技术	SKILL
操作系统	SKILL
算法	SKILL
数据结构	SKILL
C++	SKILL
Java	SKILL
C#	SKILL
Golang	SKILL
分布式系统	SKILL
分布式技术	SKILL
搜索引擎技术	SKILL
分布式计算	SKILL
分布式存储	SKILL
分布式机器学习系统	SKILL
分布式一致性协议	SKILL
单机引擎	SKILL
分布式数据库	SKILL
数据库	SKILL
分布式系统设计架构	SKILL
AWS-S3	SKILL
Dynamodb	SKILL
GFS	SKILL
Colossus	SKILL
BigTable	SKILL
Spanner	SKILL
TensorFlow	SKILL
Hadoop	SKILL
Mongodb	SKILL
Kafka	SKILL
Linux	SKILL
Unix	SKILL
C++编程	SKILL
算法	SKILL
数据结构	SKILL
网络编程	SKILL
多线程编程技术	SKILL
存储设备	SKILL
文件系统	SKILL
操作系统原理	SKILL
分布式系统理论	SKILL
分布式系统设计	SKILL
数据库存储引擎	SKILL
NoSQL存储引擎	SKILL
分布式系统	SKILL
Hadoop	SKILL
HDFS	SKILL
Mongodb	SKILL
Dynamodb	SKILL
AWS-S3	SKILL
GFS	SKILL
BigTable	SKILL
UVM验证方法学	SKILL
SystemVerilog	SKILL
C语言	SKILL
脚本开发	SKILL
芯片开发	SKILL
DDR	SKILL
PCIe	SKILL
formal验证	SKILL
硬件加速器	SKILL
设计模式	SKILL
数据结构	SKILL
算法	SKILL
计算机编程	SKILL
C++	SKILL
C#	SKILL
VR应用	SKILL
游戏玩法开发	SKILL
AR	SKILL
Unity	SKILL
UnrealEngine	SKILL
Android	SKILL
Unix	SKILL
Linux	SKILL
C++	SKILL
游戏服务器	SKILL
TCP	SKILL
进程间通讯编程	SKILL
Unix	SKILL
Linux	SKILL
架构设计	SKILL
Unix	SKILL
操作系统原理	SKILL
Shell工具	SKILL
分布式服务器设计	SKILL
面向对象编程	SKILL
Redis	SKILL
MySQL	SKILL
MangoDB	SKILL
云原生	SKILL
云原生	SKILL
Web技术	SKILL
OpenAPI	SKILL
计算机	SKILL
通信	SKILL
自动化	SKILL
嵌入式软件开发	SKILL
硬件架构	SKILL
IPMI协议	SKILL
总线接口	SKILL
I2C	SKILL
UART	SKILL
LPC	SKILL
BMC开发	SKILL
BMC固件开发	SKILL
linux后台开发	SKILL
c++	SKILL
python	SKILL
go	SKILL
java	SKILL
脚本语言	SKILL
风控系统	SKILL
决策引擎	SKILL
规则引擎	SKILL
内容理解	SKILL
推荐系统	SKILL
java语言	SKILL
java	SKILL
SpringCloud	SKILL
SQL语言	SKILL
MySQL	SKILL
UML	SKILL
设计模式	SKILL
重构	SKILL
DDD	SKILL
软件工程	SKILL
Activiti	SKILL
jBPM	SKILL
规则引擎	SKILL
Drools	SKILL
C++	SKILL
数据结构	SKILL
算法	SKILL
设计模式	SKILL
3D数学	SKILL
计算机图形学	SKILL
3D游戏引擎框架	SKILL
渲染	SKILL
动画	SKILL
物理	SKILL
AI	SKILL
移动端调试	SKILL
3D引擎性能分析	SKILL
3D引擎	SKILL
Unreal	SKILL
Unity	SKILL
GPU	SKILL
CPU架构	SKILL
游戏引擎	SKILL
游戏技术	SKILL
Golang语言	SKILL
LINUX	SKILL
UNIX	SKILL
网络开发	SKILL
数据库	SKILL
客户端应用	SKILL
C++	SKILL
Kotlin	SKILL
Swift	SKILL
Objective-C	SKILL
iOS	SKILL
Android	SKILL
Windows	SKILL
macOS	SKILL
性能优化	SKILL
性能优化	SKILL
LLVM编译器	SKILL
前端技术	SKILL
web前端开发	SKILL
Vue	SKILL
React	SKILL
前端性能优化方案	SKILL
网络安全	SKILL
Linux	SKILL
C++编程语言	SKILL
算法	SKILL
数据结构	SKILL
脚本语言	SKILL
shell	SKILL
python	SKILL
推荐	SKILL
推荐系统	SKILL
数学	SKILL
机器学习	SKILL
概率统计	SKILL
算法	SKILL
推荐系统	SKILL
搜索引擎	SKILL
广告系统	SKILL
架构设计	SKILL
机器学习	SKILL
自然语言处理	SKILL
数据挖掘	SKILL
TensorFlow	SKILL
PyTorch	SKILL
机器学习框架	SKILL
机器学习算法	SKILL
深度	SKILL
机器学习	SKILL
Linux	SKILL
C++编程语言	SKILL
算法	SKILL
数据结构	SKILL
脚本语言	SKILL
shell	SKILL
python	SKILL
深度学习	SKILL
tensorflow	SKILL
caffe	SKILL
pytorch	SKILL
数学	SKILL
机器学习	SKILL
概率统计	SKILL
算法	SKILL
深度学习框架	SKILL
tensorflow	SKILL
linux	SKILL
Linux	SKILL
C++	SKILL
Go	SKILL
Java	SKILL
TCP	SKILL
IP协议	SKILL
网络编程	SKILL
Mysql应用技术	SKILL
数据挖掘	SKILL
机器学习	SKILL
深度学习	SKILL
自然语言处理	SKILL
计算广告	SKILL
推荐	SKILL
搜索	SKILL
计算机科学与技术	SKILL
虚拟现实	SKILL
游戏开发	SKILL
VR	SKILL
Unity3D引擎	SKILL
VRSDK	SKILL
Oculus	SKILL
Pico	SKILL
MRTK	SKILL
VR	SKILL
3D建模	SKILL
虚拟现实	SKILL
漏洞挖掘	SKILL
渗透测试	SKILL
web站点	SKILL
SDL	SKILL
源码审计	SKILL
数据保护	SKILL
C++	SKILL
UE	SKILL
游戏研发技术	SKILL
引擎开发	SKILL
机器学习算法	SKILL
推荐系统	SKILL
广告	SKILL
短视频推荐	SKILL
计算机	SKILL
Shell	SKILL
Python	SKILL
Golang	SKILL
Linux操作系统	SKILL
TCP网络协议	SKILL
Open-Falcon	SKILL
Grafana	SKILL
promethues	SKILL
OpenStack	SKILL
存储系统	SKILL
流程引擎	SKILL
在线交易	SKILL
攻防对抗	SKILL
CISSP	SKILL
CISA	SKILL
CISP	SKILL
PMP	SKILL
Shell	SKILL
Python	SKILL
Golang	SKILL
Linux操作系统	SKILL
TCP网络协议	SKILL
Open-Falcon	SKILL
Grafana	SKILL
promethues	SKILL
OpenStack	SKILL
存储系统	SKILL
流程引擎	SKILL
在线交易	SKILL
操作系统	SKILL
Linux内核	SKILL
虚拟化	SKILL
网络	SKILL
存储	SKILL
文件系统	SKILL
内存	SKILL
调度器	SKILL
Cgroup	SKILL
Linux	SKILL
性能指标	SKILL
系统日志	SKILL
跟踪采样	SKILL
Linux底层工具链	SKILL
gdb	SKILL
strace	SKILL
objdump	SKILL
crash	SKILL
perf	SKILL
ftrace	SKILL
CPU体系结构	SKILL
底层性能调优	SKILL
网络	SKILL
virtio规	SKILL
windowsvirtio驱动	SKILL
linuxvirtio驱动	SKILL
内核补丁	SKILL
虚拟化	SKILL
Linux操作系统	SKILL
shell编程	SKILL
TCP	SKILL
IP	SKILL
HTTP	SKILL
网络	SKILL
存储	SKILL
计算机体系结构	SKILL
Python	SKILL
GO	SKILL
PHP	SKILL
容器	SKILL
k8s	SKILL
ETCD	SKILL
Promethus	SKILL
AWS	SKILL
GoogleCloud	SKILL
阿里	SKILL
微服务	SKILL
Mesh	SKILL
Serverless	SKILL
DevOps	SKILL
owner	SKILL
云计算	SKILL
虚拟机	SKILL
计算机科学	SKILL
游戏开发	SKILL
引擎开发	SKILL
动作	SKILL
物理	SKILL
特效	SKILL
AI	SKILL
引擎	SKILL
C++	SKILL
数学	SKILL
数据结构	SKILL
算法	SKILL
设计模式	SKILL
内存优化	SKILL
PC	SKILL
C++	SKILL
JAVA	SKILL
Mysql	SKILL
Redis	SKILL
MQ	SKILL
B端	SKILL
ITSM流程	SKILL
产品设计	SKILL
Axure	SKILL
产品原型工具	SKILL
C++	SKILL
数据结构	SKILL
算法	SKILL
设计模式	SKILL
3D引擎	SKILL
Unreal	SKILL
Unity	SKILL
计算机图形学	SKILL
3D图形渲染技术	SKILL
API	SKILL
OpenGL	SKILL
metal	SKILL
vulkan	SKILL
Shader开发	SKILL
3D游戏引擎架构	SKILL
3D引擎	SKILL
GPU	SKILL
CPU架构	SKILL
移动端渲染	SKILL
unity3d	SKILL
c#	SKILL
c++	SKILL
Lua	SKILL
Unity3D引擎	SKILL
DOTS技术栈	SKILL
ECS	SKILL
底层原理	SKILL
linux	SKILL
c++	SKILL
java开发	SKILL
脚本语言	SKILL
数据结构	SKILL
网络	SKILL
数据库	SKILL
操作系统	SKILL
计算机	SKILL
算法	SKILL
深度学习	SKILL
图论算法	SKILL
图神经网络算法	SKILL
推荐系统	SKILL
迁移学习	SKILL
C++	SKILL
Python	SKILL
Scala	SKILL
Jave	SKILL
数据结构	SKILL
算法	SKILL
Hadoop	SKILL
Spark	SKILL
分布式	SKILL
HTML5	SKILL
ES6	SKILL
CSS3	SKILL
TS	SKILL
Webpack	SKILL
Web开发	SKILL
React	SKILL
Vue	SKILL
开发框架	SKILL
node开发	SKILL
小程序开发	SKILL
Web	SKILL
计算机	SKILL
软件技术	SKILL
单测	SKILL
接口测试	SKILL
性能分析	SKILL
软件开发	SKILL
c++	SKILL
java	SKILL
go	SKILL
python	SKILL
object-c语言	SKILL
CI/CD	SKILL
DevOps	SKILL
EP度量	SKILL
后台测试	SKILL
专项测试	SKILL
测试开发	SKILL
操作系统	SKILL
计算机网络	SKILL
数据库	SKILL
C++	SKILL
Java	SKILL
Python	SKILL
Shell	SKILL
Perl	SKILL
脚本语言	SKILL
自动化测试	SKILL
专项测试	SKILL
白盒测试	SKILL
OC	SKILL
C++开发	SKILL
stl	SKILL
Windows	SKILL
Mac	SKILL
iOS	SKILL
Android开发	SKILL
面向对象程序设计	SKILL
设计模式	SKILL
计算机	SKILL
软件工程	SKILL
安卓开发	SKILL
安卓UI框架	SKILL
线程	SKILL
进程	SKILL
安卓性能指标	SKILL
TCP	SKILL
UDP	SKILL
HTTP	SKILL
网络协议	SKILL
网络技术	SKILL
网络传输协议	SKILL
前端开发	SKILL
Python	SKILL
Go	SKILL
Java	SKILL
C++	SKILL
hadoop	SKILL
flink	SKILL
es	SKILL
clickhouse	SKILL
大数据技术	SKILL
分布式检索系统	SKILL
服务器入侵检测	SKILL
事件溯源	SKILL
日志分析	SKILL
大数据威胁检测	SKILL
NTA	SKILL
SOC	SKILL
Linux	SKILL
C++	SKILL
Go	SKILL
网络编程	SKILL
通信协议	SKILL
中间件原理	SKILL
PostgreSQL	SKILL
Redis	SKILL
etcd	SKILL
K8S	SKILL
SeviceMesh微服务架构	SKILL
消息推送	SKILL
C++	SKILL
C#	SKILL
数据结构	SKILL
算法	SKILL
多线程编程	SKILL
网络基础	SKILL
DFPS	SKILL
RPG	SKILL
MOBA玩法	SKILL
算法	SKILL
数据结构	SKILL
设计模式	SKILL
计算机图形学	SKILL
网络同步	SKILL
角色动画	SKILL
游戏AI	SKILL
性能优化	SKILL
资源更新	SKILL
性能瓶颈	SKILL
内存泄露	SKILL
测试体系	SKILL
测试流	SKILL
功能测试	SKILL
分层测试	SKILL
CICD	SKILL
Unity	SKILL
Unity	SKILL
C++	SKILL
C#	SKILL
移动平台	SKILL
iOS	SKILL
Android	SKILL
Lua开发	SKILL
数据结构	SKILL
算法	SKILL
SQL	SKILL
Hadoop	SKILL
Spark	SKILL
Kafka	SKILL
Elasticsearch	SKILL
Clickhouse	SKILL
数据仓库	SKILL
数据湖	SKILL
图数据库	SKILL
异构数据	SKILL
区块链数据结构	SKILL
区块链浏览器	SKILL
Dune	SKILL
数据分析	SKILL
区块链	SKILL
区块链	SKILL
Linux	SKILL
Go	SKILL
C++	SKILL
Java	SKILL
Rust	SKILL
计算机理论	SKILL
数据结构	SKILL
算法	SKILL
PoW	SKILL
PoS	SKILL
DPoS	SKILL
PBFT	SKILL
Paxos	SKILL
Raft	SKILL
分布式存储	SKILL
点对点网络	SKILL
智能合约	SKILL
密码算法	SKILL
区块链	SKILL
Ethereum	SKILL
Cosmos	SKILL
区块链框架	SKILL
前端研发	SKILL
H5	SKILL
CSS3	SKILL
ES6	SKILL
Vue	SKILL
React	SKILL
Web	SKILL
HTTP	SKILL
HTTPS协议	SKILL
NodeJS	SKILL
Go	SKILL
Python	SKILL
Web	SKILL
区块链原理	SKILL
区块链	SKILL
数据模型	SKILL
算法	SKILL
SQL	SKILL
HQL	SKILL
数据分析	SKILL
数据风	SKILL
区块链	SKILL
Dune	SKILL
Nansen	SKILL
Glassnode	SKILL
区块链	SKILL
Unix	SKILL
Linux	SKILL
脚本语言	SKILL
shell	SKILL
python	SKILL
php	SKILL
perl	SKILL
数据库	SKILL
mysql	SKILL
性能测试	SKILL
性能测试	SKILL
自动化测试	SKILL
自动化测试	SKILL
信息技术	SKILL
软件工程	SKILL
CMM	SKILL
CMMI	SKILL
6Sigma	SKILL
IPD	SKILL
ISO9000	SKILL
敏捷	SKILL
精益	SKILL
DevOps工程	SKILL
计算机	SKILL
软件工程	SKILL
Web开发	SKILL
JavaScript框架	SKILL
React	SKILL
Vue。	SKILL
数据结构	SKILL
算法	SKILL
webrtc开发	SKILL
移动端开发	SKILL
C++开发	SKILL
stl	SKILL
Windows	SKILL
Mac	SKILL
iOS	SKILL
Android开发	SKILL
NodeJS	SKILL
Python	SKILL
HTML	SKILL
CSS	SKILL
JavaScript	SKILL
JS	SKILL
JS开发	SKILL
Vue.js	SKILL
React	SKILL
组件化开发	SKILL
响应式	SKILL
Grunt	SKILL
Gulp	SKILL
Webpack	SKILL
前端工程化	SKILL
Node.js	SKILL
公共库	SKILL
Web前端技术	SKILL
Web	SKILL
计算机	SKILL
软件工程	SKILL
iOS	SKILL
Mac开发	SKILL
Objective-C	SKILL
Swift。	SKILL
数据结构	SKILL
算法	SKILL
计算机	SKILL
数据结构	SKILL
算法	SKILL
Git	SKILL
C++	SKILL
Lua语言	SKILL
数据结构	SKILL
算法	SKILL
UnrealEngine	SKILL
3C控制	SKILL
网络	SKILL
buff	SKILL
FPS游戏	SKILL
延迟补偿	SKILL
C++	SKILL
算法	SKILL
数学	SKILL
线性代数	SKILL
计算几何	SKILL
PCG算法	SKILL
UE4	SKILL
Houdini	SKILL
Geek	SKILL
Unity游戏开发	SKILL
Unity	SKILL
IOS	SKILL
Android系统	SKILL
Server架构设计	SKILL
Unix	SKILL
Linux	SKILL
C++	SKILL
golang开发	SKILL
Unix	SKILL
操作系统原理	SKILL
TCP	SKILL
IP	SKILL
网络协议	SKILL
进程间通讯编程	SKILL
Unix	SKILL
Linux	SKILL
架构设计	SKILL
Mysql	SKILL
数据库	SKILL
NoSQL存储	SKILL
数据结构	SKILL
后台运营平台	SKILL
实时流计算处理	SKILL
前端开发	SKILL
数据结构	SKILL
算法	SKILL
设计模式	SKILL
数据结构	SKILL
操作系统	SKILL
网络	SKILL
算法	SKILL
C++	SKILL
python编程	SKILL
LINUX开发	SKILL
网络编程	SKILL
CV	SKILL
NLP	SKILL
分布式后台开发	SKILL
docker	SKILL
k8s	SKILL
ToB	SKILL
分布式集群	SKILL
Linux系统	SKILL
Bash	SKILL
Python	SKILL
脚本语言编程	SKILL
MySQL	SKILL
Kafka	SKILL
Redis	SKILL
Prometheus	SKILL
ES	SKILL
K8S云原生开发	SKILL
Ansible	SKILL
linux	SKILL
C++	SKILL
SQL	SKILL
python	SKILL
scala	SKILL
机器学习	SKILL
数据挖掘	SKILL
spark	SKILL
hadoop	SKILL
大数据	SKILL
Android	SKILL
java	SKILL
Android	SKILL
内存优化	SKILL
资源优化	SKILL
性能调优	SKILL
数据结构	SKILL
算法	SKILL
设计模式	SKILL
多线程	SKILL
网络编程	SKILL
SDK	SKILL
JNI	SKILL
C++	SKILL
数据结构	SKILL
算法	SKILL
计算机	SKILL
数理统计	SKILL
数据分析	SKILL
ToB	SKILL
SQL	SKILL
SQL性能优化	SKILL
MYSQL	SKILL
PostgreSQL	SKILL
HIVE	SKILL
数据库	SKILL
Hadoop	SKILL
Spark	SKILL
Python	SKILL
脚本语言	SKILL
数据清洗	SKILL
特征学习	SKILL
聚类	SKILL
回归	SKILL
决策树	SKILL
数据挖掘	SKILL
Linux后台开发	SKILL
C++	SKILL
Python	SKILL
Golang	SKILL
PHP	SKILL
TCP	SKILL
IP协议	SKILL
网络编程	SKILL
算法	SKILL
数据结构	SKILL
设计模式	SKILL
多线程	SKILL
分布式	SKILL
DB操作	SKILL
网络安全	SKILL
web安全	SKILL
安全检测	SKILL
黑灰产检测	SKILL
python	SKILL
脚本语言	SKILL
HTML	SKILL
CSS	SKILL
JavaScript语言	SKILL
ES6规范	SKILL
WebGL	SKILL
Threejs	SKILL
Vue	SKILL
React	SKILL
Angular	SKILL
算法工程	SKILL
Python	SKILL
C++	SKILL
Java	SKILL
数据挖掘	SKILL
数据分析	SKILL
机器学习	SKILL
大数据处理	SKILL
spark	SKILL
大数据处理框架	SKILL
HTML	SKILL
CSS	SKILL
JavaScript语言	SKILL
ES6规范	SKILL
Vue	SKILL
React	SKILL
Angular	SKILL
前端	SKILL
视频编解码底层算法	SKILL
H.264	SKILL
HEVC	SKILL
VVC	SKILL
PC	SKILL
移动端汇编优化	SKILL
CPU+GPU异构开发	SKILL
ffmpeg	SKILL
x264	SKILL
x265	SKILL
MediaCodec	SKILL
videotoolbox	SKILL
Linux后台开发	SKILL
C++	SKILL
Python	SKILL
Golang	SKILL
PHP	SKILL
TCP	SKILL
IP协议	SKILL
网络编程	SKILL
算法	SKILL
数据结构	SKILL
设计模式	SKILL
多线程	SKILL
分布式	SKILL
DB操作	SKILL
视频编解码底层算法	SKILL
H.264	SKILL
HEVC	SKILL
VVC	SKILL
PC	SKILL
移动端汇编优化	SKILL
CPU+GPU异构开发	SKILL
ffmpeg	SKILL
x264	SKILL
x265	SKILL
MediaCodec	SKILL
videotoolbox	SKILL
HTML5	SKILL
ES6	SKILL
CSS3	SKILL
TS	SKILL
Webpack	SKILL
Web开发	SKILL
React	SKILL
Vue	SKILL
开发框架	SKILL
node开发	SKILL
小程序开发	SKILL
Web	SKILL
Linux后台开发	SKILL
C++	SKILL
Python	SKILL
Golang	SKILL
PHP	SKILL
TCP	SKILL
IP协议	SKILL
网络编程	SKILL
算法	SKILL
数据结构	SKILL
设计模式	SKILL
多线程	SKILL
分布式	SKILL
DB操作	SKILL
Linux后台开发	SKILL
C++	SKILL
Python	SKILL
Golang	SKILL
PHP	SKILL
TCP	SKILL
IP协议	SKILL
网络编程	SKILL
算法	SKILL
数据结构	SKILL
设计模式	SKILL
多线程	SKILL
分布式	SKILL
DB操作	SKILL
系统测试	SKILL
后台测试	SKILL
测试开发	SKILL
软件测试	SKILL
Python	SKILL
golang	SKILL
Shell	SKILL
Web	SKILL
JS	SKILL
自动化	SKILL
性能测试	SKILL
Paa	SKILL
知识图谱	SKILL
决策引擎	SKILL
机器学习	SKILL
Java	SKILL
golang	SKILL
Python	SKILL
网络和系统	SKILL
数据库	SKILL
网络	SKILL
linux	SKILL
mysql	SKILL
redis	SKILL
存储	SKILL
中间件	SKILL
docker	SKILL
kubernetes	SKILL
elk	SKILL
promethus	SKILL
计算机	SKILL
大数据	SKILL
hadoop	SKILL
hive	SKILL
spark	SKILL
c++	SKILL
java	SKILL
python	SKILL
scala	SKILL
算法	SKILL
数据结构	SKILL
Linux	SKILL
系统编程	SKILL
数据结构	SKILL
算法	SKILL
系统设计	SKILL
数据分析	SKILL
数据治理	SKILL
数仓建设	SKILL
机器学习	SKILL
自然语言处理	SKILL
深度学习	SKILL
软件开发	SKILL
C++	SKILL
Python	SKILL
Go	SKILL
操作系统架构设计	SKILL
Linux系统	SKILL
操作系统	SKILL
systemd	SKILL
glibc	SKILL
gcc	SKILL
linux	SKILL
CentOS	SKILL
Suse	SKILL
fedora	SKILL
云计算	SKILL
服务器运营	SKILL
IT信息	SKILL
网络	SKILL
网络产品研发	SKILL
高性能	SKILL
高可用	SKILL
分布式架构设计	SKILL
STP	SKILL
TCP/IP	SKILL
OSPF	SKILL
BGP	SKILL
ISIS	SKILL
MPLSVPN／TE	SKILL
Vxlan	SKILL
NFV	SKILL
虚拟化	SKILL
分布式计算技术	SKILL
SDN技术	SKILL
网络安全	SKILL
路由器	SKILL
防火墙	SKILL
负载均衡器	SKILL
芯片	SKILL
FPGA设计	SKILL
Verilog	SKILL
systemveilog语言	SKILL
OVL	SKILL
Assertion语言	SKILL
tcl	SKILL
perl	SKILL
shell	SKILL
python脚本语言	SKILL
前端设计	SKILL
STA	SKILL
DFT	SKILL
前端网表	SKILL
PCIe	SKILL
DDR	SKILL
MAC	SKILL
高速接口	SKILL
PCIE虚拟化	SKILL
高速DMA设计	SKILL
查找算法	SKILL
QoS算法	SKILL
缓存管理算法	SKILL
ARM	SKILL
RISC-V	SKILL
CPU体系结构	SKILL
multi-core	SKILL
cache	SKILL
memory子系统设计	SKILL
计算机	SKILL
应用数学	SKILL
模式识别	SKILL
人工智能	SKILL
统计学	SKILL
机器学习	SKILL
数据挖掘	SKILL
概率统计	SKILL
最优化	SKILL
深度学习	SKILL
强化学习	SKILL
数据处理	SKILL
并行计算	SKILL
算法	SKILL
数据结构	SKILL
计算广告	SKILL
推荐	SKILL
搜索	SKILL
自然语言处理	SKILL
数据架构	SKILL
产品架构	SKILL
数据架构	SKILL
算法	SKILL
Java	SKILL
数据管理	SKILL
计算机	SKILL
数据结构	SKILL
算法基础	SKILL
网络通信	SKILL
Linux	SKILL
Bash	SKILL
python编程	SKILL
Docker	SKILL
Kubernetes	SKILL
Golang	SKILL
C++	SKILL
Java	SKILL
python	SKILL
LVS	SKILL
Redis	SKILL
Nginx	SKILL
MFS	SKILL
MySQL	SKILL
Kafka	SKILL
Prom	SKILL
es	SKILL
tob	SKILL
后台开发	SKILL
计算机体系	SKILL
数据结构	SKILL
linux系统编程	SKILL
网络编程	SKILL
c++	SKILL
golang	SKILL
c++	SKILL
Mysql	SKILL
数据库	SKILL
性能调优	SKILL
分布式系统设计	SKILL
计算机	SKILL
机器学习	SKILL
统计	SKILL
算法	SKILL
Python	SKILL
SQL	SKILL
Java	SKILL
Scala	SKILL
特征处理方法	SKILL
机器学习算法	SKILL
机器学习算法	SKILL
sklearn	SKILL
tensorflow	SKILL
pytorch	SKILL
sparkmllib	SKILL
计算机	SKILL
数学	SKILL
据仓库建设	SKILL
数据治理	SKILL
SQL	SKILL
Python	SKILL
Scala	SKILL
Java	SKILL
hadoop	SKILL
hive	SKILL
spark	SKILL
大数据	SKILL
spark	SKILL
数仓建设	SKILL
数据治理	SKILL
数据平	SKILL
数据质量监控	SKILL
大数据性能优化	SKILL
TroubleShooting	SKILL
flink	SKILL
sparkstreaming实时计算	SKILL
Java语言	SKILL
数学	SKILL
数据结构	SKILL
算法	SKILL
设计模式	SKILL
数据处理	SKILL
并行计算	SKILL
Spark	SKILL
Flink	SKILL
HBase	SKILL
Iceberg	SKILL
机器学习特征处理	SKILL
机器学习算法	SKILL
大数据加工建模	SKILL
数据挖掘	SKILL
机器学习框架	SKILL
机器学习	SKILL
Python	SKILL
团伙挖掘	SKILL
Go	SKILL
C++	SKILL
Python	SKILL
Java	SKILL
docker	SKILL
Kubernetes	SKILL
k8s	SKILL
TCP	SKILL
IP	SKILL
系统架构	SKILL
容器化云原生化	SKILL
Java技术	SKILL
Android系统架构	SKILL
Framework层	SKILL
性能调优	SKILL
性能优化	SKILL
前端开发	SKILL
JavaScript	SKILL
HTML	SKILL
CSS	SKILL
React	SKILL
react-hooks	SKILL
Vue	SKILL
前端框架	SKILL
Redux	SKILL
Vuex	SKILL
前端工程化	SKILL
Webpack	SKILL
UI交互	SKILL
C++	SKILL
Go	SKILL
面向对象技术	SKILL
设计模式	SKILL
分布式处理框架	SKILL
spark	SKILL
hadoop	SKILL
ES	SKILL
分布式消息队列	SKILL
Kafka	SKILL
RabbitMQ	SKILL
mysql	SKILL
Redis	SKILL
Memcached	SKILL
Linux	SKILL
Unix	SKILL
网络编程	SKILL
高并发	SKILL
kubernetes	SKILL
多媒体	SKILL
Linux	SKILL
数据结构	SKILL
算法	SKILL
TCP	SKILL
IP网络协议	SKILL
C++	SKILL
网络框架	SKILL
存储架构	SKILL
分布式架构	SKILL
数据处理	SKILL
软件测试	SKILL
软件测试	SKILL
Linux	SKILL
Tcp/Ip	SKILL
HTTP网络协议	SKILL
C++	SKILL
java	SKILL
python	SKILL
shell	SKILL
性能调	SKILL
云平台	SKILL
中间件	SKILL
数据库	SKILL
大数据	SKILL
K8S	SKILL
Linux	SKILL
docker	SKILL
K8S运维	SKILL
MySQL	SKILL
Redis	SKILL
ES	SKILL
Nginx	SKILL
Python	SKILL
Shell	SKILL
脚本语言	SKILL
自动化	SKILL
tencent	SKILL
aliyun	SKILL
aws	SKILL
Kubernetes	SKILL
golang	SKILL
c++	SKILL
Python	SKILL
nodejs	SKILL
后台微服务开发	SKILL
TCP	SKILL
IP协议	SKILL
HTTP协议	SKILL
网络协议	SKILL
linux操作系统	SKILL
Shell。	SKILL
MYSQL	SKILL
Redis	SKILL
数据库	SKILL
高性	SKILL
iOS	SKILL
Objective-C	SKILL
Framework	SKILL
内存管理	SKILL
UI	SKILL
多线程	SKILL
网络优化	SKILL
数据库	SKILL
JSON解析	SKILL
操作系统原理	SKILL
数据结构	SKILL
算法	SKILL
设计模式	SKILL
数据结构	SKILL
算法	SKILL
设计模式	SKILL
TCP	SKILL
操作系统原理	SKILL
C#	SKILL
lua语言	SKILL
Unity	SKILL
Unity开发	SKILL
后台开发	SKILL
计算机	SKILL
python	SKILL
go	SKILL
数据结构	SKILL
操作系统	SKILL
网络	SKILL
计算机	SKILL
http	SKILL
https协议	SKILL
grpc	SKILL
mysql	SKILL
Python	SKILL
Django。	SKILL
Go	SKILL
grpc	SKILL
云原生架构	SKILL
微服务架构	SKILL
Linux	SKILL
Unix后台开发	SKILL
go语言	SKILL
Unix	SKILL
操作系统原理	SKILL
Mysql	SKILL
no-sql数据库原理	SKILL
TCP	SKILL
socket编程	SKILL
多进程多线程编程	SKILL
Unix	SKILL
Linux	SKILL
架构设计	SKILL
大数据	SKILL
高并发	SKILL
后台服务	SKILL
小程序	SKILL
H5	SKILL
JavaScript	SKILL
HTML	SKILL
CSS	SKILL
vuejs	SKILL
es6	SKILL
ts	SKILL
前端技术	SKILL
TCP	SKILL
HTTP	SKILL
Linux操作系统	SKILL
NodeJS	SKILL
NodeJS	SKILL
Java	SKILL
后端开发语言	SKILL
mysql	SKILL
关系型数据库	SKILL
redis	SKILL
Linux后台开发	SKILL
C++	SKILL
Python	SKILL
Golang	SKILL
PHP	SKILL
TCP	SKILL
IP协议	SKILL
网络编程	SKILL
算法	SKILL
数据结构	SKILL
设计模式	SKILL
多线程	SKILL
分布式	SKILL
DB操作	SKILL
数据库	SKILL
数据结构	SKILL
算法	SKILL
分布式系统	SKILL
Rust语言	SKILL
分布式数据库	SKILL
时序数据库	SKILL
OLAP数据库	SKILL
架构原理	SKILL
C++编程	SKILL
数据结构	SKILL
算法	SKILL
设计模式	SKILL
多线程	SKILL
网络	SKILL
界面开发	SKILL
计算机图形学	SKILL
图像处理	SKILL
物理模拟	SKILL
音频处理	SKILL
机器学习	SKILL
unity	SKILL
unreal引擎	SKILL
游戏测试	SKILL
Android	SKILL
iOS	SKILL
操作系统原理	SKILL
Windows	SKILL
Linux	SKILL
Android	SKILL
iOS	SKILL
网络协议	SKILL
前后端	SKILL
C++	SKILL
C#	SKILL
Java	SKILL
PHP	SKILL
Python	SKILL
游戏测试	SKILL
NLP基础理论	SKILL
算法	SKILL
知识图谱构建	SKILL
关系抽取	SKILL
知识推理	SKILL
深度学习	SKILL
Tensorflow	SKILL
Keras	SKILL
PyTorch	SKILL
深度学习	SKILL
linux	SKILL
Python	SKILL
Go	SKILL
Scala	SKILL
计算机	SKILL
软件工程	SKILL
Windows	SKILL
UI框架	SKILL
QT	SKILL
C++语言	SKILL
git	SKILL
数据结构	SKILL
算法	SKILL
计算机	SKILL
软件工程	SKILL
Windows	SKILL
UI框架	SKILL
QT	SKILL
C++语言	SKILL
git	SKILL
数据结构	SKILL
算法	SKILL
C++开发	SKILL
stl	SKILL
Windows	SKILL
Mac	SKILL
iOS	SKILL
Android开发	SKILL
面向对象程序设计	SKILL
C++开发	SKILL
stl	SKILL
Windows	SKILL
Mac	SKILL
iOS	SKILL
Android开发	SKILL
NodeJS	SKILL
Python	SKILL
计算机	SKILL
算法	SKILL
数据结构	SKILL
Android	SKILL
Android	SKILL
Android架构	SKILL
TCP	SKILL
UDP	SKILL
HTTP	SKILL
网络协议	SKILL
java	SKILL
C++语言	SKILL
git	SKILL
交换机	SKILL
BSP	SKILL
交换机	SKILL
服务器硬件架构	SKILL
BMC	SKILL
BIOS	SKILL
SONiC系统架构	SKILL
交换机	SKILL
BSP	SKILL
交换机	SKILL
服务器硬件架构	SKILL
BMC	SKILL
BIOS	SKILL
SONiC系统架构	SKILL
OC	SKILL
C++开发	SKILL
stl	SKILL
Windows	SKILL
Mac	SKILL
iOS	SKILL
Android开发	SKILL
面向对象程序设计	SKILL
设计模式	SKILL
后台开发	SKILL
云原生	SKILL
分布式存储系统	SKILL
高并发	SKILL
数据处理	SKILL
SQL	SKILL
数据提取	SKILL
Python	SKILL
数理统计	SKILL
概率论	SKILL
假设检验	SKILL
多元统计分析	SKILL
数据	SKILL
BTesting	SKILL
机器学习	SKILL
深度学习算法	SKILL
推荐系统	SKILL
后台开发	SKILL
后台策略安全	SKILL
Unix	SKILL
Linux操作系统	SKILL
面向对象编程技术	SKILL
TCP	SKILL
IP协议	SKILL
golang	SKILL
C++编程	SKILL
mysql	SKILL
es	SKILL
redis	SKILL
mongodb	SKILL
MySQL	SKILL
数据库	SKILL
SQL调优	SKILL
统计分析方法	SKILL
机器学习	SKILL
深度学习	SKILL
数据挖掘	SKILL
后台策略	SKILL
计算机	SKILL
应用统计	SKILL
数据仓库	SKILL
数据研发	SKILL
ClickHouse	SKILL
presto	SKILL
impala	SKILL
Hadoop	SKILL
Spark	SKILL
Flink	SKILL
大数据	SKILL
数据仓库	SKILL
数据建模	SKILL
数据工程	SKILL
计算机	SKILL
数据结构	SKILL
算法	SKILL
python	SKILL
scala	SKILL
java	SKILL
数据处理	SKILL
数据分析	SKILL
算法	SKILL
机器学习	SKILL
计算机软件	SKILL
Linux后台开发	SKILL
C++	SKILL
Golang	SKILL
TCP	SKILL
IP协议	SKILL
网络编程	SKILL
多线程	SKILL
协程开发	SKILL
数据库原理	SKILL
数据库	SKILL
Mysql	SKILL
Redis	SKILL
MongoDB	SKILL
Docker	SKILL
Elasticsearch	SKILL
K8S	SKILL
gRPC	SKILL
计算机	SKILL
java开发	SKILL
java编程	SKILL
SpringCloud	SKILL
orm	SKILL
grpc	SKILL
中间件	SKILL
数据库	SKILL
Nginx	SKILL
Tomcat	SKILL
HAProxy	SKILL
Redis	SKILL
MySQL	SKILL
ElasticSearch	SKILL
RocketMQ	SKILL
Kafka	SKILL
面向对象编程	SKILL
设计模式	SKILL
微服务架构	SKILL
分布式架构	SKILL
高可用	SKILL
高性能	SKILL
高并发	SKILL
可扩展	SKILL
计算机科学	SKILL
图形	SKILL
Unity	SKILL
UE4	SKILL
图形渲染	SKILL
图形学算法	SKILL
图形学技术	SKILL
CPU	SKILL
GPU架构	SKILL
C++	SKILL
数学	SKILL
数据结构	SKILL
算法	SKILL
设计模式	SKILL
性能	SKILL
PC	SKILL
计算机科学	SKILL
游戏开发	SKILL
图形术开发	SKILL
Unity	SKILL
UE4	SKILL
图形渲染	SKILL
图形学算法	SKILL
图形学技术	SKILL
CPU	SKILL
GPU架构	SKILL
C++	SKILL
数学	SKILL
数据结构	SKILL
算法	SKILL
设计模式	SKILL
PC	SKILL
UE4引擎	SKILL
C++	SKILL
UE4引擎架构	SKILL
图形	SKILL
性能优化	SKILL
前端技术	SKILL
Web前端框架	SKILL
Vue	SKILL
React	SKILL
网络协议优化	SKILL
NodeJS开发	SKILL
Electron	SKILL
Python	SKILL
Go	SKILL
Java	SKILL
性能测试	SKILL
接口测试	SKILL
安全测试	SKILL
稳定性测试	SKILL
敏捷开发	SKILL
CI	SKILL
CD	SKILL
docker	SKILL
K8s	SKILL
cloudnative	SKILL
数据结构	SKILL
算法	SKILL
设计模式	SKILL
TCP	SKILL
操作系统原理	SKILL
Java	SKILL
kotlin语言	SKILL
安卓	SKILL
系统控件	SKILL
内存管理	SKILL
动画	SKILL
多线程	SKILL
网络优化	SKILL
数据库	SKILL
安卓开发	SKILL
App	SKILL
python	SKILL
java	SKILL
C++	SKILL
Scala	SKILL
spark	SKILL
hadoop	SKILL
大数据处理框架	SKILL
机器学习	SKILL
机器学习	SKILL
深度学习框架	SKILL
TensorFlow	SKILL
PyTorch	SKILL
Caffe	SKILL
MXNet	SKILL
Android开发	SKILL
Android	SKILL
Android	SKILL
多线程编程	SKILL
TCP	SKILL
UDP	SKILL
HTTP	SKILL
网络协议	SKILL
java	SKILL
kotlin语言	SKILL
游戏开发	SKILL
游戏引擎开发	SKILL
光照模型	SKILL
图形学算法	SKILL
图形学	SKILL
图形学	SKILL
UE4引擎	SKILL
PBR管线	SKILL
Shader编程	SKILL
数学	SKILL
GPU调试	SKILL
动作	SKILL
多人对抗	SKILL
数据结构	SKILL
算法	SKILL
设计模式	SKILL
TCP	SKILL
操作系统原理	SKILL
OC	SKILL
C++语言	SKILL
iOS应用	SKILL
系统控件	SKILL
内存管理	SKILL
动画	SKILL
多线程	SKILL
网络优化	SKILL
数据库	SKILL
XML	SKILL
iOS开发	SKILL
App	SKILL
Swift开发	SKILL
点播	SKILL
分布式系统	SKILL
Go	SKILL
java	SKILL
C++	SKILL
Python语言	SKILL
h264	SKILL
h265视频编码技术	SKILL
RTMP	SKILL
UDP	SKILL
TCP	SKILL
WebRtc	SKILL
Flv	SKILL
Hls	SKILL
音视频流媒体技术	SKILL
C++	SKILL
Go	SKILL
Java程序设计	SKILL
程序开发设计	SKILL
Unix	SKILL
Linux网络编程	SKILL
数据结构	SKILL
算法	SKILL
tcp	SKILL
http	SKILL
非关系数据库	SKILL
网络安全	SKILL
脚本语言	SKILL
网络安全	SKILL
TCP	SKILL
IP	SKILL
操作系统	SKILL
Linux	SKILL
Windows	SKILL
交换	SKILL
Web应用	SKILL
Apache	SKILL
Nginx	SKILL
CMS	SKILL
防火墙	SKILL
IDS	SKILL
IPS	SKILL
物理隔离	SKILL
漏洞扫描	SKILL
安全审计	SKILL
流量分析技	SKILL
c++	SKILL
go	SKILL
算法	SKILL
数据结构	SKILL
文件系统	SKILL
存储系统	SKILL
分布式系统	SKILL
paxos	SKILL
raft	SKILL
ceph	SKILL
大数据开发	SKILL
hadoop	SKILL
spark	SKILL
hive	SKILL
flink	SKILL
大数据	SKILL
计算机体系结构	SKILL
X86	SKILL
ARM处理器	SKILL
ARM	SKILL
CPU指令	SKILL
硬件加速调优	SKILL
计算机	SKILL
软件工程	SKILL
Web开发	SKILL
JavaScript框架	SKILL
React	SKILL
Vue。	SKILL
数据结构	SKILL
算法	SKILL
webrtc开发	SKILL
移动端开发	SKILL
软件开发	SKILL
系统分析	SKILL
架构设计	SKILL
SaaS	SKILL
SaaS	SKILL
SaaS	SKILL
Go	SKILL
多语言	SKILL
Go	SKILL
PHP	SKILL
JAVA	SKILL
Mysql	SKILL
No-SQL数据库原理	SKILL
Redis	SKILL
MQ	SKILL
zookeeper	SKILL
微服务架构体系	SKILL
Docker	SKILL
Kubernetes	SKILL
服务网格	SKILL
大数据开发	SKILL
Flink	SKILL
Spark	SKILL
ClickHouse	SKILL
presto	SKILL
数据质量治理	SKILL
数据分层管理	SKILL
计算广告	SKILL
推荐	SKILL
搜索	SKILL
C++1	SKILL
lua	SKILL
golang开发	SKILL
Mongodb	SKILL
MySQL	SKILL
redis	SKILL
ES	SKILL
tcp	SKILL
udp	SKILL
网络编程	SKILL
高性能	SKILL
分布式	SKILL
云原生	SKILL
微服务开发	SKILL
C++	SKILL
数据结构	SKILL
算法	SKILL
底层架构	SKILL
资源管理	SKILL
数据驱动	SKILL
导航	SKILL
网络	SKILL
动画	SKILL
物理	SKILL
脚本	SKILL
Geek	SKILL
React	SKILL
Vue	SKILL
Jquery	SKILL
JS框架开发	SKILL
PHP	SKILL
GO	SKILL
后台开发	SKILL
Ajax	SKILL
JavaScript	SKILL
XML	SKILL
DOM	SKILL
DHTML	SKILL
W3Cweb	SKILL
Web	SKILL
计算机科学	SKILL
3D游戏引擎	SKILL
算法	SKILL
数学	SKILL
软件研发	SKILL
Unity3D	SKILL
UE4引擎	SKILL
云计算	SKILL
数据中心	SKILL
数据分析	SKILL
统计建模	SKILL
python	SKILL
应急响应	SKILL
漏洞分析	SKILL
漏洞挖掘	SKILL
APT攻防	SKILL
Linux系统	SKILL
分布式系统	SKILL
虚拟化技术	SKILL
DevOps	SKILL
运维系统	SKILL
自动化系统	SKILL
golang	SKILL
python开发	SKILL
操作系统	SKILL
网络	SKILL
多线程	SKILL
分布式编程	SKILL
性能调优	SKILL
Elasticsearch	SKILL
ELK	SKILL
分布式系统	SKILL
分布式缓存	SKILL
redis	SKILL
消息队列	SKILL
kafka	SKILL
中间件	SKILL
MySQL	SKILL
SQL优化	SKILL
NoSQL存储	SKILL
大数据分析技术	SKILL
网络安全	SKILL
APT恶意家族	SKILL
SQL	SKILL
数据模型	SKILL
数据仓库	SKILL
数据分析	SKILL
数据风控	SKILL
Web3	SKILL
web3	SKILL
分布式爬虫开发	SKILL
HTTP协议分析	SKILL
js逆向	SKILL
消息中间件	SKILL
自动化接口	SKILL
Web3	SKILL
智能合约	SKILL
智能合约	SKILL
区块链	SKILL
EVM原理	SKILL
Solidity智能合约语言	SKILL
数据结构	SKILL
算法	SKILL
加密算法	SKILL
安全协议	SKILL
Node.js	SKILL
以太坊NFT	SKILL
DeFi	SKILL
linux	SKILL
C++	SKILL
GO	SKILL
JAVA	SKILL
分布式数据架构设计	SKILL
分布式系统开发设计	SKILL
计算机	SKILL
软件工程	SKILL
Linux开	SKILL
UI框架	SKILL
QT	SKILL
X11	SKILL
wayland系统	SKILL
linux	SKILL
crash分析工具	SKILL
C++语言	SKILL
git	SKILL
数据结构	SKILL
算法	SKILL
计算机	SKILL
软件工程	SKILL
Linux开	SKILL
UI框架	SKILL
QT	SKILL
X11	SKILL
wayland系统	SKILL
linux	SKILL
crash分析工具	SKILL
C++语言	SKILL
git	SKILL
数据结构	SKILL
算法	SKILL
C++	SKILL
linux	SKILL
数据库	SKILL
网络开发	SKILL
分布式架构	SKILL
网络同步	SKILL
Java语言	SKILL
Android	SKILL
动画	SKILL
网络	SKILL
TCP	SKILL
HTTP	SKILL
多线程	SKILL
数据库	SKILL
Androidstudio	SKILL
IntelliJIDEA	SKILL
Android系统底层原理	SKILL
数据结构	SKILL
算法	SKILL
音视频开发	SKILL
Flutter	SKILL
iOS系统	SKILL
内核原理	SKILL
OC	SKILL
C++	SKILL
iOS	SKILL
网络	SKILL
多线程	SKILL
第三方库	SKILL
数据结构	SKILL
UDP	SKILL
TCP	SKILL
IP	SKILL
HTTP	SKILL
网络协议	SKILL
协议设计	SKILL
Flutter	SKILL
Java	SKILL
Go	SKILL
通信	SKILL
多线程	SKILL
高并发处理	SKILL
内存管理	SKILL
分布式	SKILL
SpringCloud	SKILL
Dubbo	SKILL
分布式缓存	SKILL
消息中间件	SKILL
RPC框架	SKILL
负载均衡	SKILL
安全防御	SKILL
Kafka	SKILL
Redis	SKILL
Ng	SKILL
MySql	SKILL
LevelDB	SKILL
MongoDB	SKILL
数据库	SKILL
数据建模	SKILL
数据库	SKILL
区块链原理	SKILL
数字钱包	SKILL
浏览器	SKILL
区块链	SKILL
微服务框架	SKILL
HTML5	SKILL
CSS3	SKILL
ES6	SKILL
Web应用程序	SKILL
Web开发	SKILL
Hybrid开发	SKILL
web	SKILL
JS框架	SKILL
服务器端编程	SKILL
OOP	SKILL
iOS系统	SKILL
内核原理	SKILL
OC	SKILL
C++	SKILL
iOS	SKILL
网络	SKILL
多线程	SKILL
第三方库	SKILL
数据结构	SKILL
UDP	SKILL
TCP	SKILL
IP	SKILL
HTTP	SKILL
网络协议	SKILL
协议设计	SKILL
Flutter	SKILL
机器学习	SKILL
数据挖掘	SKILL
搜索推荐	SKILL
NLP	SKILL
图像处理	SKILL
NLP	SKILL
数据处理	SKILL
并行计算	SKILL
Hadoop	SKILL
Storm	SKILL
Spark	SKILL
机器学习	SKILL
tensorflow	SKILL
后台开发语言	SKILL
java	SKILL
C++	SKILL
golang	SKILL
Golang	SKILL
linux	SKILL
unix	SKILL
TCP	SKILL
socket编程	SKILL
Mysql	SKILL
no-sql数据库原理	SKILL
Golang	SKILL
Java	SKILL
C++	SKILL
机器学习	SKILL
自动扩	SKILL
ML系统	SKILL
大数据	SKILL
数据处理	SKILL
并行计算	SKILL
ES	SKILL
Spark	SKILL
Flink	SKILL
深度学习	SKILL
后台开发语言	SKILL
java	SKILL
C++	SKILL
golang	SKILL
Golang	SKILL
linux	SKILL
unix	SKILL
TCP	SKILL
socket编程	SKILL
Mysql	SKILL
no-sql数据库原理	SKILL
HTML5	SKILL
CSS3	SKILL
ES6	SKILL
Web应用程序	SKILL
Web开发	SKILL
Hybrid开发	SKILL
web	SKILL
JS框架	SKILL
服务器端编程	SKILL
OOP	SKILL
C++	SKILL
Java	SKILL
Golang	SKILL
Python	SKILL
Linux下编程	SKILL
TCP	SKILL
IP协议	SKILL
多线程多进程编程	SKILL
rpc通信机制	SKILL
数据结构	SKILL
算法	SKILL
链表	SKILL
队列	SKILL
Java语言	SKILL
Android	SKILL
动画	SKILL
网络	SKILL
TCP	SKILL
HTTP	SKILL
多线程	SKILL
数据库	SKILL
Androidstudio	SKILL
IntelliJIDEA	SKILL
Android系统底层原理	SKILL
数据结构	SKILL
算法	SKILL
音视频开发	SKILL
Flutter	SKILL
Golang编程	SKILL
PHP	SKILL
Java开发	SKILL
Mysql	SKILL
Redis	SKILL
数据库	SKILL
K8s	SKILL
ES	SKILL
gRPC	SKILL
Linux操作系统	SKILL
githup	SKILL
C++	SKILL
lua脚本语言	SKILL
UE4	SKILL
Unity引擎	SKILL
Gameplay	SKILL
引擎	SKILL
编辑器工具	SKILL
C++	SKILL
C#	SKILL
数据结构	SKILL
算法	SKILL
多线程编程	SKILL
网络基础	SKILL
3DFPS	SKILL
RPG	SKILL
MOBA玩法开发	SKILL
Web前端开发	SKILL
计算机	SKILL
HTML	SKILL
CSS	SKILL
JavaScript	SKILL
JS	SKILL
React	SKILL
Vue.js	SKILL
系统测试	SKILL
测试	SKILL
测试	SKILL
自动化测试	SKILL
性能测试	SKILL
Python	SKILL
Java	SKILL
Go	SKILL
Linux游戏	SKILL
计算机	SKILL
C++	SKILL
MySQL	SKILL
NoSQL开发	SKILL
网络编程	SKILL
数据结构	SKILL
计算机体系架构	SKILL
Linux操作系统原理	SKILL
TCP	SKILL
脚本语言	SKILL
分布式开发	SKILL
PC端	SKILL
移动端网页	SKILL
前端工程化	SKILL
JavaScript	SKILL
面向对象编程	SKILL
Web标准	SKILL
HTML语义化	SKILL
MVVM框架	SKILL
前端架构分析与设计	SKILL
OOP开发	SKILL
Web前端技术	SKILL
Web	SKILL
CSS	SKILL
SASS	SKILL
LESS	SKILL
Webpack	SKILL
vue	SKILL
计算机	SKILL
信息管理	SKILL
大数据	SKILL
数据治理	SKILL
数据标准	SKILL
数据治理	SKILL
大数据分析	SKILL
数据治理	SKILL
数据治理	SKILL
数据治理	SKILL
数据标准	SKILL
数据质量	SKILL
数据模型	SKILL
元数据管理	SKILL
SQL语言	SKILL
大数据仓库理论	SKILL
Hadoop技	SKILL
Excel	SKILL
系统化工具	SKILL
CPA	SKILL
ACCA	SKILL
AICPA	SKILL
JAVA开发	SKILL
多线程	SKILL
消息队列	SKILL
设计模式	SKILL
springmvc	SKILL
springboot	SKILL
springcloud	SKILL
mybatis	SKILL
http	SKILL
tcp协议	SKILL
linux	SKILL
linux命令	SKILL
shell脚本	SKILL
计算机	SKILL
软件工程	SKILL
Web开发	SKILL
JavaScript框架	SKILL
React	SKILL
Vue。	SKILL
数据结构	SKILL
算法	SKILL
webrtc开发	SKILL
移动端开发	SKILL
大数据	SKILL
数据仓库	SKILL
数据仓库	SKILL
Hadoop	SKILL
Spark	SKILL
Flink等离线	SKILL
实时计算框架	SKILL
Java	SKILL
Python	SKILL
Shell	SKILL
Scala	SKILL
Linux	SKILL
Unix	SKILL
大数据分析	SKILL
算法	SKILL
pgsql	SKILL
oceanus	SKILL
OC	SKILL
C++开发	SKILL
stl	SKILL
Windows	SKILL
Mac	SKILL
iOS	SKILL
Android开发	SKILL
面向对象程序设计	SKILL
设计模式	SKILL
Revit	SKILL
Rhino	SKILL
Grasshopper	SKILL
ArcGIS	SKILL
FME	SKILL
GIS	SKILL
空间数据	SKILL
空间数据结构	SKILL
BIM数据模型	SKILL
GDAL二次开发	SKILL
Postgis操	SKILL
数据结构	SKILL
算法	SKILL
地理信息科学	SKILL
三维图形学	SKILL
GIS	SKILL
BIM	SKILL
Python	SKILL
Java语言	SKILL
GIS	SKILL
三维地理可视	SKILL
React	SKILL
Vue	SKILL
Web标准	SKILL
设计模式	SKILL
JavaScript	SKILL
TypeScript	SKILL
前端工程化脚手架	SKILL
组件化开发	SKILL
响应式	SKILL
Web前端技术	SKILL
Web	SKILL
前端开发	SKILL
机器学习	SKILL
机器学习技术	SKILL
深度学习框架	SKILL
tensorflow	SKILL
pytorch	SKILL
游戏AI开发	SKILL
分布式强化学习	SKILL
Linux	SKILL
Python	SKILL
C++	SKILL
视频编解码	SKILL
H.264	SKILL
HEVC	SKILL
VVC	SKILL
AV1	SKILL
C++编程	SKILL
PC	SKILL
移动端汇编优化	SKILL
多线程开发	SKILL
ffmpeg	SKILL
x264	SKILL
x265	SKILL
算法	SKILL
数据结构	SKILL
计费系统设计	SKILL
linux	SKILL
c++	SKILL
go语言	SKILL
分布式事务处理	SKILL
设计模式	SKILL
Linux	SKILL
操作系统	SKILL
网络编程	SKILL
多线程编程	SKILL
分布式系统	SKILL
Mysql数据库	SKILL
高并发	SKILL
高一致	SKILL
Oteam	SKILL
C++	SKILL
脚本语言	SKILL
3D游戏开发	SKILL
UE4	SKILL
Unity引擎底层原理	SKILL
3D游戏	SKILL
HTML5	SKILL
ES6	SKILL
CSS3	SKILL
Web开发技	SKILL
Vue	SKILL
React	SKILL
Node开发	SKILL
Web	SKILL
系统测试	SKILL
测试	SKILL
软件测试	SKILL
自动化测试	SKILL
性能测试	SKILL
Python	SKILL
Java	SKILL
Go	SKILL
C++	SKILL
数据结构	SKILL
面向对象设计	SKILL
设计模式	SKILL
车载导航	SKILL
地图测绘	SKILL
自动控制	SKILL
高精地图	SKILL
游戏引擎	SKILL
通信	SKILL
EHP	SKILL
NDS.live	SKILL
OpenDrive	SKILL
CANBus	SKILL
HTML	SKILL
CSS	SKILL
JavaScript	SKILL
JS	SKILL
Vue	SKILL
React	SKILL
vue	SKILL
Go语言	SKILL
数据结构	SKILL
算法设计	SKILL
Go语言	SKILL
Java语言	SKILL
Linux	SKILL
容器架构	SKILL
Docker	SKILL
K8S原理	SKILL
服务器端部署	SKILL
服务架构	SKILL
链路调优	SKILL
网络架构	SKILL
脚本语言	SKILL
python	SKILL
shell	SKILL
音视频图像处理	SKILL
图片视频编解码优化	SKILL
直播流稳定性与	SKILL
Linux	SKILL
Unix	SKILL
C++	SKILL
java	SKILL
golang	SKILL
Python	SKILL
Shell	SKILL
多线程	SKILL
多进程程序	SKILL
异步	SKILL
并发	SKILL
kubernetes	SKILL
docker	SKILL
分布式系统	SKILL
TDSQL	SKILL
Redis	SKILL
Mongodb	SKILL
http系列	SKILL
quic	SKILL
websocket	SKILL
协议	SKILL
k8s	SKILL
docker	SKILL
数据工程	SKILL
hive	SKILL
mysql	SKILL
SQL	SKILL
数据分析	SKILL
python	SKILL
计算机软件	SKILL
后台开发	SKILL
Golang	SKILL
Java	SKILL
Linux开	SKILL
Linux命令	SKILL
数据库	SKILL
数据存储	SKILL
mysql	SKILL
es	SKILL
redis	SKILL
TCP	SKILL
IP	SKILL
HTTP	SKILL
通信	SKILL
Socket网络编程	SKILL
并发服务器开发	SKILL
HTML5	SKILL
CSS3	SKILL
ES6+	SKILL
Web	SKILL
Hybrid	SKILL
Web	SKILL
JS框架	SKILL
服务器端编程	SKILL
计算机	SKILL
数据结构	SKILL
算法基础	SKILL
网络通信	SKILL
Java	SKILL
Go	SKILL
Python	SKILL
Linux软件开发	SKILL
Docker	SKILL
k8s	SKILL
微服务架构	SKILL
B/S开发技术	SKILL
HTML5	SKILL
JavaScript	SKILL
CSS3	SKILL
HTTP协议	SKILL
Web开发技术	SKILL
Vue	SKILL
React框架	SKILL
前端工程化	SKILL
自动化工程工	SKILL
gulp	SKILL
webpack	SKILL
grunt	SKILL
ci	SKILL
Web前台	SKILL
Web	SKILL
计算机网络	SKILL
HTTP协议	SKILL
TCP	SKILL
Web标准规范	SKILL
AI	SKILL
大数据	SKILL
AI	SKILL
推介算法	SKILL
C++	SKILL
脚本语言	SKILL
Python	SKILL
Go	SKILL
NodeJS	SKILL
Lua	SKILL
数据仓库	SKILL
AI	SKILL
计算机软件	SKILL
后台开发	SKILL
Linux	SKILL
Unix	SKILL
C++	SKILL
java	SKILL
go	SKILL
Python	SKILL
Shell	SKILL
多线程	SKILL
多进程程序	SKILL
异步	SKILL
并发	SKILL
kubernetes	SKILL
docker	SKILL
分布式系统	SKILL
Redis	SKILL
Mongodb	SKILL
后台开发	SKILL
Java开发语言	SKILL
中间件	SKILL
分布式缓存	SKILL
消息队列	SKILL
RPC框架	SKILL
微服务治理	SKILL
数据库编程	SKILL
SQL优化思路	SKILL
数据建模	SKILL
数据分库	SKILL
linux系统	SKILL
Docker化	SKILL
后台开发	SKILL
Java开发语言	SKILL
中间件	SKILL
分布式缓存	SKILL
消息队列	SKILL
RPC框架	SKILL
微服务治理	SKILL
数据库编程	SKILL
SQL优化思路	SKILL
数据建模	SKILL
数据分库	SKILL
linux系统	SKILL
Docker化	SKILL
hadoop	SKILL
hive	SKILL
flink	SKILL
yarn	SKILL
计算框架	SKILL
OLAP技术	SKILL
MPP数据库	SKILL
clickhouse	SKILL
impala	SKILL
计算机	SKILL
软件技术	SKILL
ToB	SKILL
自动化测试	SKILL
专项测试	SKILL
白盒测试	SKILL
计算机	SKILL
软件技术	SKILL
软件开发	SKILL
Golang	SKILL
Python	SKILL
Java	SKILL
C++	SKILL
自动化测试	SKILL
代码静态分析	SKILL
研发和测试协同	SKILL
云原生架构设计	SKILL
软件工程	SKILL
React	SKILL
软件工程能效	SKILL
DevOps	SKILL
云原生	SKILL
计算机	SKILL
统计	SKILL
Scala	SKILL
Python	SKILL
C++	SKILL
算法	SKILL
大数据	SKILL
Hadoop	SKILL
Hive	SKILL
Spark	SKILL
Flink	SKILL
lbs	SKILL
wifi	SKILL
计算机	SKILL
软件工程	SKILL
IOS	SKILL
Mac开发	SKILL
Objective-C	SKILL
Swift。	SKILL
数据结构	SKILL
算法	SKILL
计算机	SKILL
数据结构	SKILL
算法	SKILL
Git	SKILL
强化学习	SKILL
linux	SKILL
Unix	SKILL
Python	SKILL
C++	SKILL
TensorFlow	SKILL
PyTorch	SKILL
机器学习框	SKILL
FPS游戏	SKILL
AI算法	SKILL
计算机	SKILL
软件工程	SKILL
Web开发	SKILL
JavaScript框架	SKILL
React	SKILL
Vue。	SKILL
数据结构	SKILL
算法	SKILL
webrtc开发	SKILL
移动端开发	SKILL
计算机	SKILL
软件工程	SKILL
IOS	SKILL
Mac开发	SKILL
Objective-C	SKILL
Swift。	SKILL
数据结构	SKILL
算法	SKILL
计算机	SKILL
数据结构	SKILL
算法	SKILL
Git	SKILL
计算机	SKILL
数据结构	SKILL
算法	SKILL
Java	SKILL
Android	SKILL
Java	SKILL
Native	SKILL
ANR崩溃	SKILL
Android插桩	SKILL
质量保障体	SKILL
IT服务管理	SKILL
软件工程	SKILL
计算机	SKILL
软件技术	SKILL
单测	SKILL
接口测试	SKILL
性能测试	SKILL
稳定性测试	SKILL
软件测试开发	SKILL
C++	SKILL
java	SKILL
python	SKILL
object-c	SKILL
Devops	SKILL
CI	SKILL
CD	SKILL
ToC	SKILL
ToB	SKILL
C端	SKILL
Linux	SKILL
C++编程语言	SKILL
脚本语言	SKILL
shell	SKILL
python	SKILL
高并发	SKILL
高可用	SKILL
高性能	SKILL
Linux	SKILL
Arm	SKILL
AI	SKILL
Linux	SKILL
Java	SKILL
Golang	SKILL
C++	SKILL
数据结构	SKILL
算法	SKILL
SQL操作	SKILL
MySQL	SKILL
Oracle	SKILL
SQLServer	SKILL
关系数据库	SKILL
TCP	SKILL
TCP	SKILL
UDP网络编程	SKILL
Hadoop	SKILL
HBase	SKILL
Spark	SKILL
Hive	SKILL
Storm	SKILL
Flink	SKILL
ElasticSearch	SKILL
大数据	SKILL
HDFS	SKILL
Ceph	SKILL
分布式文件系统	SKILL
K8S	SKILL
Docker	SKILL
容器技术	SKILL
Linux	SKILL
Java	SKILL
Golang	SKILL
C++	SKILL
数据结构	SKILL
算法	SKILL
SQL操作	SKILL
MySQL	SKILL
Oracle	SKILL
SQLServer	SKILL
关系数据库	SKILL
TCP	SKILL
TCP	SKILL
UDP网络编程	SKILL
Hadoop	SKILL
HBase	SKILL
Spark	SKILL
Hive	SKILL
Storm	SKILL
Flink	SKILL
ElasticSearch	SKILL
大数据	SKILL
HDFS	SKILL
Ceph	SKILL
分布式文件系统	SKILL
K8S	SKILL
Docker	SKILL
容器技术	SKILL
游戏开发	SKILL
C++	SKILL
C#语言	SKILL
Js	SKILL
Lua	SKILL
脚本语言	SKILL
Unity3D引擎	SKILL
UE引擎	SKILL
渲染技术	SKILL
性能优化	SKILL
计算机	SKILL
分布式系统开发	SKILL
java编程	SKILL
Spring	SKILL
Java内存模型	SKILL
多线程	SKILL
NIO	SKILL
类加载	SKILL
ES	SKILL
Hadoop	SKILL
hbase	SKILL
spark	SKILL
大数据	SKILL
大数据组件	SKILL
Linux	SKILL
Java	SKILL
Golang	SKILL
C++	SKILL
数据结构	SKILL
算法	SKILL
SQL操作	SKILL
MySQL	SKILL
Oracle	SKILL
SQLServer	SKILL
关系数据库	SKILL
TCP	SKILL
TCP	SKILL
UDP网络编程	SKILL
Hadoop	SKILL
HBase	SKILL
Spark	SKILL
Hive	SKILL
Storm	SKILL
Flink	SKILL
ElasticSearch	SKILL
大数据	SKILL
HDFS	SKILL
Ceph	SKILL
分布式文件系统	SKILL
K8S	SKILL
Docker	SKILL
容器技术	SKILL
数据结构	SKILL
Linux	SKILL
java	SKILL
python	SKILL
spark	SKILL
hadoop	SKILL
storm	SKILL
kafka	SKILL
hbase	SKILL
机器学习	SKILL
C++	SKILL
数据结构	SKILL
算法	SKILL
设计模式	SKILL
UE	SKILL
Unity引擎开发	SKILL
大前端开发	SKILL
Java开	SKILL
NoSQL	SKILL
关系数据库	SKILL
分布式数据库	SKILL
Redis	SKILL
Mongodb	SKILL
ElasticSearch	SKILL
Postgres	SKILL
MySQL	SKILL
OpenAPI	SKILL
Swagger设计	SKILL
关系型数据库	SKILL
MySQL	SKILL
HR系统	SKILL
Workday	SKILL
IntelCRPS	SKILL
PSUAC	SKILL
DC电源拓扑	SKILL
PFC	SKILL
LLC	SKILL
PSU选型	SKILL
EMC认证	SKILL
PSU	SKILL
PSU设计	SKILL
整机柜供电架构	SKILL
12V/48VBusbar	SKILL
powershelf	SKILL
整机柜供电	SKILL
整机柜供电	SKILL
整机柜供电	SKILL
整机柜结构设计	SKILL
电气接插件选型	SKILL
整机柜	SKILL
数据中心	SKILL
电气架构设计	SKILL
数据中	SKILL
数据中心	SKILL
Linux	SKILL
Java	SKILL
Golang	SKILL
C++	SKILL
数据结构	SKILL
算法	SKILL
SQL操作	SKILL
MySQL	SKILL
Oracle	SKILL
SQLServer	SKILL
关系数据库	SKILL
TCP	SKILL
TCP	SKILL
UDP网络编程	SKILL
Hadoop	SKILL
HBase	SKILL
Spark	SKILL
Hive	SKILL
Storm	SKILL
Flink	SKILL
ElasticSearch	SKILL
大数据	SKILL
HDFS	SKILL
Ceph	SKILL
分布式文件系统	SKILL
K8S	SKILL
Docker	SKILL
容器技术	SKILL
C++	SKILL
go程序设计和开发	SKILL
程序开发设计	SKILL
Unix	SKILL
Linux网络编程	SKILL
数据结构	SKILL
算法	SKILL
tcp	SKILL
http	SKILL
关系型数据库	SKILL
非关系数据库	SKILL
测试设计	SKILL
环境治理	SKILL
高并发	SKILL
海量服务设	SKILL
大数据分析	SKILL
Python	SKILL
C++	SKILL
Java	SKILL
软硬件性能优化	SKILL
云原生	SKILL
Docker	SKILL
Kubernetes底层技术	SKILL
云原生架构设计	SKILL
Serverless应用开发	SKILL
大数据	SKILL
Elasticsearch	SKILL
MapReduce	SKILL
ClickHouse	SKILL
大数据	SKILL
数据库	SKILL
MySQL	SKILL
Redis	SKILL
数据库	SKILL
HTTP	SKILL
RTSP	SKILL
RTP	SKILL
HLS	SKILL
RTMP	SKILL
FLV	SKILL
音视频编解码技术	SKILL
CDN	SKILL
直播	SKILL
点播	SKILL
架构	SKILL
架构设计模式	SKILL
网络	SKILL
数据库	SKILL
存储	SKILL
信息安全	SKILL
分布式系统	SKILL
即时通讯	SKILL
电商	SKILL
支付	SKILL
搜索推荐架构	SKILL
机器学习	SKILL
概率统计	SKILL
最优化	SKILL
大数据处理	SKILL
Spark	SKILL
hive	SKILL
SQL	SKILL
Javascript	SKILL
HTML	SKILL
CSS	SKILL
前端框架	SKILL
React	SKILL
前端安全防范	SKILL
响应式布局	SKILL
三维可视化	SKILL
计算机图形学	SKILL
OpenGL	SKILL
WebGL	SKILL
WebGL	SKILL
Three.js	SKILL
Android	SKILL
IOS	SKILL
计算机	SKILL
软件技术	SKILL
单测	SKILL
接口测试	SKILL
性能测试	SKILL
稳定性测试	SKILL
软件测试开发	SKILL
C++	SKILL
java	SKILL
python	SKILL
object-c	SKILL
Devops	SKILL
CI	SKILL
CD	SKILL
ToC	SKILL
ToB	SKILL
C端	SKILL
C++	SKILL
Java	SKILL
Golang	SKILL
后台开发	SKILL
多线程	SKILL
多进程程序	SKILL
异步	SKILL
高并发	SKILL
TCP	SKILL
IP	SKILL
HTTP	SKILL
通信	SKILL
socket网络编程	SKILL
并发服务器开发	SKILL
DevOps流程	SKILL
shell	SKILL
python	SKILL
ruby	SKILL
脚本语言	SKILL
脚本	SKILL
JavaScript	SKILL
HTML	SKILL
CSS	SKILL
前端语言	SKILL
ES6	SKILL
HTML5	SKILL
网络协议	SKILL
React	SKILL
Vue	SKILL
Grunt	SKILL
Gulp	SKILL
Webpack	SKILL
前端工程化	SKILL
微信小程序开发	SKILL
跨端开发	SKILL
后台语言	SKILL
Node.js	SKILL
Web前端技术	SKILL
Web	SKILL
Linux	SKILL
C++	SKILL
Go	SKILL
云计算	SKILL
AI产品	SKILL
toB	SKILL
操作系统	SKILL
软件工程	SKILL
设计模式	SKILL
数据结构	SKILL
网络安全	SKILL
MySQL	SKILL
Kafka	SKILL
Redis	SKILL
ES	SKILL
云原生	SKILL
Docker	SKILL
k8s	SKILL
微服务架构	SKILL
计算机	SKILL
软件技术	SKILL
后端系统开发	SKILL
golang	SKILL
python	SKILL
php	SKILL
mysql	SKILL
redis	SKILL
memcache	SKILL
数据库	SKILL
mysql性能调优	SKILL
性能优化	SKILL
持续集成	SKILL
静态分析	SKILL
框架设计	SKILL
分布式系统	SKILL
CI/CD	SKILL
devops	SKILL
workflow	SKILL
docker	SKILL
K8s	SKILL
cloudnative	SKILL
C++	SKILL
计算机网络	SKILL
数据结构	SKILL
操作系统	SKILL
Linux	SKILL
C++	SKILL
Go	SKILL
云计算	SKILL
AI产品	SKILL
toB	SKILL
操作系统	SKILL
软件工程	SKILL
设计模式	SKILL
数据结构	SKILL
网络安全	SKILL
MySQL	SKILL
Kafka	SKILL
Redis	SKILL
ES	SKILL
云原生	SKILL
Docker	SKILL
k8s	SKILL
微服务架构	SKILL
Linux网络编程	SKILL
java	SKILL
Java	SKILL
面向对象设计开发	SKILL
设计模式	SKILL
Spring	SKILL
SpringMVC	SKILL
Springboot	SKILL
SpringCloud	SKILL
MyBatis	SKILL
数据结构	SKILL
网络编程	SKILL
MySQL	SKILL
数据库原理	SKILL
性能优化技术	SKILL
NoSQL	SKILL
消息队列	SKILL
服务器硬件	SKILL
分布式系统	SKILL
数据挖掘	SKILL
数据挖掘	SKILL
聚类	SKILL
分类	SKILL
机器学习	SKILL
深度学习算法	SKILL
数据结构	SKILL
算法	SKILL
图嵌入	SKILL
GNN	SKILL
GAT	SKILL
IC	SKILL
WC模型	SKILL
因果推断模型	SKILL
最优化算法	SKILL
概率	SKILL
数理统计	SKILL
数据挖掘	SKILL
大数据	SKILL
IGMOD	SKILL
VLDB	SKILL
KDD	SKILL
ICDE	SKILL
数据挖掘	SKILL
分布式计算框	SKILL
hadoop	SKILL
spark	SKILL
hive	SKILL
深度学习	SKILL
tensorflow	SKILL
karas	SKILL
Android	SKILL
iOS	SKILL
操作系统原理	SKILL
Windows	SKILL
Linux	SKILL
Android	SKILL
iOS	SKILL
网络协议	SKILL
前后端性能	SKILL
