数字电路设计流程	专业或业务能力
RTL代码书写	专业或业务能力
电路优化的经验	动手能力
VCS/D	专业或业务能力
数字前端设计经验	动手能力
大规模SoC芯片设计成功量产经历	动手能力
相关工作经验	动手能力
TCP/IP协议	专业或业务能力
SDN相关技术	专业或业务能力
linux虚拟化环境下网络异常	专业或业务能力
主流的网络设备	专业或业务能力
路由协议（ospf，bgp	专业或业务能力
中等规模网络规划、运维经验	动手能力
主流4、7层负载均衡技术	专业或业务能力
troubleshooting经验	动手能力
linux，windows操作系统	专业或业务能力
系统性能相关问题有	专业或业务能力
shell、python、perl中	计算机与互联网应用能力
应用awk、sed、grep、strace、tcpdump、gdb等常用命令	计算机与互联网应用能力
腾讯云技术认证	专业或业务能力
腾讯云从业资格证	专业或业务能力
使用Linux/unix操作系统	计算机与互联网应用能力
Shell编程	专业或业务能力
掌握Perl、PHP、Python之一的编程	专业或业务能力
TCP/IP、HTTP等协议	专业或业务能力
相关技术的使用	计算机与互联网应用能力
系统均衡容灾设计	专业或业务能力
大型集群维护经验	动手能力
责任感强	工程职业道德
良好的服务意识	工程职业道德
团队合作意识	团队协作能力
较强的问题分析	分析能力
沟通能力强	人际交往能力
项目推动/运维流程工具建设经验	动手能力
腾讯云从业资格证	专业或业务能力
腾讯云IAAS智能化运维平台的前端	专业或业务能力
web前端页面的开发，维护和优化	专业或业务能力
前端框架的搭建	专业或业务能力
公共组件的开发和维护	专业或业务能力
解决方案构建	专业或业务能力
实施交付相关经验	动手能力
攻防对抗相关知识	专业或业务能力
互联网架构安全建设	专业或业务能力
国家级重大安全演练攻防经验	动手能力
前瞻性的网络安全产品技术视角	信息收集能力
项目协调	组织与协调能力
完成大量需要横向推动的项目工作	组织与协调能力
掌握C/C++、JAVA	专业或业务能力
良好的代码架构能力	专业或业务能力
英语读写能力	外语能力
掌握Android或Windows操作系统	专业或业务能力
显示系统和窗口管理	专业或业务能力
理解共享内存和显存的知识	专业或业务能力
图形渲染开发经验	动手能力
良好的团队合作	团队协作能力
沟通能力	人际交往能力
较强的学习能力	自学能力
解决问题能力	问题解决能力
Hive,Hadoop,HDFS,Mapreduce,Yarn	专业或业务能力
使用spark,flink等大数据开发技术	计算机与互联网应用能力
良好的数仓建设能力	专业或业务能力
数仓	专业或业务能力
Linux操作系统	专业或业务能力
数据库的基本原理	专业或业务能力
常见的消息队列，缓存相关技术	专业或业务能力
良好的沟通能力	人际交往能力
协作精神	团队协作能力
承担工作压力	情绪管理能力
C/C++编程	专业或业务能力
常用的算法和数据结构	专业或业务能力
网络编程，多线程编程技术	专业或业务能力
丰富的后台研发项目经验	动手能力
存储设备、文件系统、Linux操作系统原理	专业或业务能力
学习能力强	自学能力
良好的沟通能力	人际交往能力
团队合作能力	团队协作能力
解决问题的能力	问题解决能力
分布式系统理论	专业或业务能力
大规模分布式系统设计架构经验	动手能力
NoSQL存储引擎开发经验	动手能力
大规模分布式系统经验	动手能力
快速学习	自学能力
活跃贡献者	动手能力
UE4引擎开发经验	动手能力
UE4渲染系统	专业或业务能力
精通C++以及蓝图	专业或业务能力
技术攻关能力	实干与执行能力
主动学习的能力	自学能力
独立解决问题能力	问题解决能力
承受一定的工作压力	情绪管理能力
逻辑思维能力良好	分析能力
很好的跟团队协作	团队协作能力
掌握UE4引擎底层代码编写	专业或业务能力
常用数据结构	专业或业务能力
逻辑思维能力	分析能力
3D引擎开发经验	动手能力
渲染管线有过优化经验	动手能力
悉GPU驱动开发经验	动手能力
一种或者多种软件开发语言	专业或业务能力
系统软件或者平台软件开发经验	动手能力
操作系统架构设计和核心组件	专业或业务能力
主导系统软件设计和核心组件开发	专业或业务能力
悉Linux系统	专业或业务能力
操作系统软件开发经验	动手能力
开源代码开发经验	动手能力
开源linux社区经验	动手能力
CentOS，Suse，fedora等	专业或业务能力
较强的分析能力	分析能力
快速定位问题和解决问题	问题解决能力
敏捷开发	专业或业务能力
文档编写能力	书面表达能力
软件开发或测试经验	动手能力
C/C++、Python或Go	专业或业务能力
专项测试经验	动手能力
使用LINUX	计算机与互联网应用能力
TCP/IP、HTTP等网络编程协议	专业或业务能力
Linux系统和软件测试经验	动手能力
C/C++编程	专业或业务能力
常用的算法和数据结构	专业或业务能力
网络编程，多线程编程技术	专业或业务能力
丰富的后台研发项目经验	动手能力
存储设备、文件系统、Linux操作系统原理	专业或业务能力
学习能力强	自学能力
良好的沟通能力	人际交往能力
团队合作能力	团队协作能力
解决问题的能力	问题解决能力
分布式系统理论	专业或业务能力
大规模分布式系统设计架构经验	动手能力
NoSQL存储引擎开发经验	动手能力
大规模分布式系统经验	动手能力
快速学习	自学能力
活跃贡献者	动手能力
测试工作经验	动手能力
软件测试基础知识	专业或业务能力
需求分析能力	分析能力
客户化思维	人际交往能力
大型系统和产品测试经验	动手能力
责任感强	工程职业道德
良好的沟通能力	人际交往能力
抗压能力	情绪管理能力
linux操作系统	专业或业务能力
Shell/Python/Go/Java	专业或业务能力
自动化脚本开发经验	动手能力
学习能力强	自学能力
技术或相关云计算产品经验	动手能力
大型项目研发效能建设相关经验	动手能力
扎实的计算机和软件技术基础	专业或业务能力
软件开发经验	动手能力
C/C++/Python	专业或业务能力
实践经验	动手能力
IAAS云平台测试经验	动手能力
云网络测试相关工作经验	动手能力
良好的团队合作精神	团队协作能力
协调沟通	组织与协调能力
较强的问题定位	问题解决能力
推动解决能力	问题解决能力
较强的抗压能力	情绪管理能力
保持工作激情	工程职业道德
Linux或Unix操作系统	专业或业务能力
至少一种数据库技术	专业或业务能力
Shell或PHP/Python/golang等编程基础与经验	动手能力
软件系统测试或测试开发及自动化测试工作经验	动手能力
医疗与资讯产业知识	专业或业务能力
医疗产业系统测试经验	动手能力
测试流程和测试用例设计方法	专业或业务能力
团队合作	团队协作能力
理解和适应变化	情绪管理能力
努力追求成功	工程职业道德
测试工作经验	动手能力
软件测试基础知识	专业或业务能力
需求分析能力	分析能力
客户化思维	人际交往能力
大型系统和产品测试经验	动手能力
责任感强	工程职业道德
良好的沟通能力	人际交往能力
抗压能力	情绪管理能力
linux操作系统	专业或业务能力
Shell/Python/Go/Java	专业或业务能力
自动化脚本开发经验	动手能力
学习能力强	自学能力
技术或相关云计算产品经验	动手能力
游戏开发经验	动手能力
常用的算法和数据结构	专业或业务能力
C/C++、Java、Python	专业或业务能力
算法原	专业或业务能力
互联网行业的应用	计算机与互联网应用能力
浓厚的兴趣	工程职业道德
游戏引擎架构	专业或业务能力
Unreal开发经验	动手能力
较强动手	动手能力
快速学习能力	自学能力
3D游戏客户端开发经验	动手能力
任一款商业开发引擎	专业或业务能力
掌握一门游戏客户端开发语言	专业或业务能力
熟悉c++	专业或业务能力
数据结构基础	专业或业务能力
常用设计模式	专业或业务能力
代码质量有一定追求	工程职业道德
独立定位并解决相关问题	问题解决能力
前沿技术保持热情	工程职业道德
良好的责任心	工程职业道德
沟通能力	人际交往能力
扎实的计算机基础知识	专业或业务能力
linux后台开发经验	动手能力
Golang开发经验	动手能力
分布式系统开发经验	动手能力
较强的全链路问题定位和性能分析	问题解决能力
掌握常用linux命令	计算机与互联网应用能力
常用性能调优方法	专业或业务能力
网络服务程序开发	专业或业务能力
高并发、高性能、分布式系统设计	专业或业务能力
较强沟通能力	人际交往能力
良好表述能力	口头表达能力
团队合作能力	团队协作能力
软件知识结构全面	专业或业务能力
代码及架构抽象能力	分析能力
推荐系统、分布式系统开发经验	动手能力
游戏客户端开发经验	动手能力
C++、数据结构和算法	专业或业务能力
typescript相关开发经验	动手能力
常用设计模式、多线程、网络、界面开发	专业或业务能力
良好的团队合作能力	团队协作能力
沟通能力	人际交往能力
相关工作经验	动手能力
大容量网络服务相关经验	动手能力
逻辑思维能力	分析能力
沟通能力强	人际交往能力
承担工作压力	情绪管理能力
LINUX/UNIX开发环境	计算机与互联网应用能力
网络开发	专业或业务能力
后台业务开发、维护经验	动手能力
无线互联网服务及应用开发者	专业或业务能力
cdn、音视频通讯系统相关经验	动手能力
产品经理或产品运营经验	动手能力
大型互联网产品或者B类行业运营经验	动手能力
应用场景	计算机与互联网应用能力
云计算产品使用经验	动手能力
有主见	工程职业道德
自驱力强	时间管理能力
沟通协调能力强	组织与协调能力
主动思考，逻辑性强	分析能力
学习能力强	自学能力
创造性解决问题	问题解决能力
高度执行力	实干与执行能力
云计算运维和专家服务经验	动手能力
技术服务从业经验	动手能力
扎实的计算机和软件技术基础	专业或业务能力
后端系统开发经验	动手能力
golang/python/php等	专业或业务能力
mysql/redis/memcache	专业或业务能力
mysql性能调优经验	动手能力
良好的代码风格、接口设计规范	专业或业务能力
实践经验	动手能力
实践及推动经验	动手能力
自我持续优化的驱动力	工程职业道德
docker、K8s、cloudnative、微服务	专业或业务能力
有实践	动手能力
良好的团队合作精神	团队协作能力
协调沟通	组织与协调能力
较强的问题定位和推动解决能力	问题解决能力
地产行业开发经验	动手能力
物联网功能模块开发经验	动手能力
UE4框架和主要模块功能特性	专业或业务能力
UE4多人游戏架构	专业或业务能力
相关性能优化经验	动手能力
相关工作经验	动手能力
Unix/Linux下c/c++开发	专业或业务能力
常用数据库的使用	计算机与互联网应用能力
TCP/IP协议	专业或业务能力
进程间通讯编程	专业或业务能力
Unix/Linux下常用架构设计方法	专业或业务能力
Unix/Linux操作系统原理	专业或业务能力
使用Shell工具	计算机与互联网应用能力
良好的沟通能力	人际交往能力
团队合作精神	团队协作能力
开源组件使用经验	动手能力
海量、高性能、分布式开发有经验	动手能力
前端技术有热情	工程职业道德
web前端开发工作2年	动手能力
HTML5+CSS3+JavaScript+Webpack技术栈	专业或业务能力
NodeJS或	专业或业务能力
编写简单HTTPAPI接口程序	专业或业务能力
编写简单SQL	专业或业务能力
诊断分析优化HTTP(s)及页面性能问题	问题解决能力
大型后台运营系统方面的实践经验	动手能力
良好的沟通能力	人际交往能力
团队协作能力	团队协作能力
学习能力	自学能力
爱思考	自学能力
关注前沿技术	信息收集能力
数据研发相关工作经验	动手能力
精通SQL	专业或业务能力
一种或几种脚本语言	专业或业务能力
思维清晰	分析能力
逻辑性强	分析能力
良好的沟通表达能力	人际交往能力
团队合作意识	团队协作能力
大数据平台（hive/spark/flink等）相关经验	动手能力
iOS或Mac开发经验	动手能力
Objective-C	专业或业务能力
扎实的编程基本功	专业或业务能力
面向对象程序设计	专业或业务能力
常见的设计模式	专业或业务能力
数据结构和算法基础	专业或业务能力
思路严谨	分析能力
良好的分析解决问题能力	问题解决能力
独立承担任务	实干与执行能力
主动学习思考	自学能力
责任心强，对技术有强烈兴趣	工程职业道德
协作能力	团队协作能力
抗压能力	情绪管理能力
强烈的主人翁意识推进项目进展	工程职业道德
C++开发经验	动手能力
腾讯云从业资格证	专业或业务能力
UE4开发	专业或业务能力
游戏开发经验	动手能力
使用C++	专业或业务能力
TypeScript、Lua等脚本语言	专业或业务能力
丰富经验	动手能力
良好的沟通能力	人际交往能力
优秀的学习能力	自学能力
分析问题	分析能力
解决问题	问题解决能力
UE4的项目优化经验	动手能力
热爱	工程职业道德
Linux后台开发经验	动手能力
TCP/IP协议相关知识	专业或业务能力
DB、redis操作	计算机与互联网应用能力
快速学习	自学能力
强烈的上进心和责任感	工程职业道德
良好的逻辑思维	分析能力
语言表达	口头表达能力
沟通力	人际交往能力
团队协作精神	团队协作能力
腾讯云从业资格证	专业或业务能力
Android开发经验	动手能力
计算机基础扎实	专业或业务能力
AndroidUI框架、性能指标、监控工具	计算机与互联网应用能力
TCP/IP、UDP、HTTP等网络协议及特性	专业或业务能力
相关的开发经验	动手能力
工程效率有极致追求	工程职业道德
良好的分析解决问题能力	问题解决能力
工作积极主动，责任心强	工程职业道德
跨平台研发、公共组件和效率工具开发等经验	动手能力
腾讯云从业资格证	专业或业务能力
软件开发或测试经验	动手能力
C/C++、Python或Go	专业或业务能力
专项测试经验	动手能力
使用LINUX	计算机与互联网应用能力
TCP/IP、HTTP等网络编程协议	专业或业务能力
Linux系统和软件测试经验	动手能力
互联网产品开发、技术运营项目管理或解决方案工作3年	专业或业务能力
大型项目后台开发或者运维背景	动手能力
开发经验	动手能力
架构调优经验	动手能力
良好的分析	分析能力
研究	问题解决能力
解决问题能力	问题解决能力
良好的抗压能力	情绪管理能力
较强的数据分析能力	分析能力
工作经验	动手能力
扎实的基本功	专业或业务能力
跨平台开发或适配的经验	动手能力
移动端（Android）开发经验	动手能力
车载系统开发经验	动手能力
游戏客户端研发经验	动手能力
UE4引擎开发经验	动手能力
优秀	专业或业务能力
软件工程功底与知识	专业或业务能力
C/C++及常用脚本语言	专业或业务能力
设计模式，数据结构和算法	专业或业务能力
优秀的学习能力	自学能力
热爱游戏事业	工程职业道德
良好的团队协作能力	团队协作能力
敬业精神	工程职业道德
手游项目研发管理经验	动手能力
游戏引擎及渲染开发经验	动手能力
掌握3D图形渲染技术	专业或业务能力
良好的数学和算法基础	专业或业务能力
移动端GPU/CPU架构	专业或业务能力
移动端图形优化技巧	专业或业务能力
PBR和卡通渲染开发经验	动手能力
学习能力	自学能力
游戏前沿技术有热情	工程职业道德
Unreal引擎开发经验	动手能力
游戏开发经验	动手能力
参与过游戏AI系统的开发	动手能力
善于沟通	人际交往能力
C/C++	专业或业务能力
扎实的数学丶数据结构和算法基础	专业或业务能力
常用设计模式	专业或业务能力
游戏AI技术	专业或业务能力
机器学习技术	专业或业务能力
性能和内存优化	专业或业务能力
PC／移动端平台的游戏开发	专业或业务能力
网络游戏及后台系统开发经验	动手能力
从AI芯片和通用处理器架构与电路设计	专业或业务能力
把控和应用关键IP	专业或业务能力
游戏引擎/渲染引擎开发经验	动手能力
掌握c++	专业或业务能力
至少一种图形API	专业或业务能力
数学和图形学基础	专业或业务能力
实践	动手能力
源码阅读和调试分析能力	专业或业务能力
相关分析工具的使用	计算机与互联网应用能力
代码质量有一定追求	工程职业道德
一定团队协作开发经验	动手能力
Unity或UE4的图形渲染管道及开发	专业或业务能力
图形学算法	专业或业务能力
前沿图形学技术及其在游戏中的应用	专业或业务能力
CPU/GPU架构及相关开发技术	专业或业务能力
善于沟通	人际交往能力
C/C++	专业或业务能力
扎实的数学、数据结构和算法基础	专业或业务能力
常用设计模式	专业或业务能力
性能和内存优化	专业或业务能力
PC／移动端平台的游戏开发	专业或业务能力
pcie协议以及典型应用场景	计算机与互联网应用能力
实际开发集成经验	动手能力
FPGA/Zebu上调试经验	动手能力
数字前端设计经验	动手能力
数字电路设计流程	专业或业务能力
RTL代码书写	专业或业务能力
大规模SoC芯片设计成功量产经历	动手能力
芯片后端设计工作经验	动手能力
大规模SoC芯片设计成功量产经历	动手能力
后端设计流程和工具	专业或业务能力
使用脚本	计算机与互联网应用能力
相关ESL建模或者CPU建模的经验	动手能力
ESL仿真方法学	专业或业务能力
cycleaccurate/approximate模型	专业或业务能力
SystemC/TLM2，Python	专业或业务能力
自我驱动	时间管理能力
善于沟通	人际交往能力
MBB战略管理咨询相关经验	动手能力
IDC全生命周期管理流程	专业或业务能力
IDC建设、IDC运营流程和服务	专业或业务能力
运营商或互联网数据中心架构	专业或业务能力
运营商	计算机与互联网应用能力
运营成本优化方	专业或业务能力
跨团队工作能力	组织与协调能力
工作踏实、积极主动	工程职业道德
能够承受压力	情绪管理能力
严谨认真的工作态度	工程职业道德
良好的技术方向把控	领导力
开发设计相关经验	动手能力
压缩机，风机，水泵	专业或业务能力
风道管道设计	专业或业务能力
预制化数据中心暖通方案的设计经验	动手能力
AutoCAD及任意一种三维设计软件	专业或业务能力
暖通产品设计及测试相关国标标准	专业或业务能力
暖通产品相关测试验证方法和流程	专业或业务能力
制定测试计划	实干与执行能力
CFD仿真模拟方法	专业或业务能力
暖通产品制造工艺	专业或业务能力
产品的可靠性设计方法	专业或业务能力
良好的团队合作精神	团队协作能力
沟通协调能力	组织与协调能力
工作经验	动手能力
redis/mysql相关管理维护经验	动手能力
数据库理论基础	专业或业务能力
较强的沟通能力	人际交往能力
团队合作精神	团队协作能力
管控平台开发经验	动手能力
熟悉GO语言	专业或业务能力
前端开发工作经验	动手能力
使用React、Vue等前端框架	计算机与互联网应用能力
经历至少两个大中Web项目	动手能力
Typescript，nodejs使用经验	动手能力
web安全问题	专业或业务能力
良好的代码风格	专业或业务能力
项目结构设计与程序架构优化经验	动手能力
优秀的沟通能力	人际交往能力
团队协作精神	团队协作能力
前端开发经验	动手能力
html5/css3/javascript等web开发技术	专业或业务能力
react和vue	专业或业务能力
浏览器兼容性	专业或业务能力
web常见漏洞有深度的理解	专业或业务能力
相关实践	动手能力
公有云及私有化部署研发	专业或业务能力
良好的分析解决问题能力	问题解决能力
独立承担任务	实干与执行能力
开发进度把控能力	时间管理能力
责任心强	工程职业道德
思路清晰	分析能力
良好的对外沟通	人际交往能力
团队协作能力	团队协作能力
主动、好学	自学能力
抗压能力好	情绪管理能力
应用开发经验	动手能力
python及基于python的服务框架	专业或业务能力
linux常用运行以	计算机与互联网应用能力
维护相关操作	计算机与互联网应用能力
网络通信相关开发	专业或业务能力
后台部署经验	动手能力
深度学习工程落地相关经验	动手能力
golang或C++开发经验	动手能力
良好的分析解决问题能力	问题解决能力
独立承担任务	实干与执行能力
开发进度把控能力	时间管理能力
责任心强	工程职业道德
思路清晰	分析能力
良好的对外沟通	组织与协调能力
团队协作能力	团队协作能力
综合运营类项目管理经验	动手能力
较强的沟通协调能力	组织与协调能力
项目管理能力	领导力
数据运营工作经验	动手能力
数据敏感度	分析能力
敏锐捕获数据价值	信息收集能力
强烈责任心	工程职业道德
团队合作精神	团队协作能力
良好执行力	实干与执行能力
团队协作力	团队协作能力
沟通表达力	人际交往能力
善于分析	分析能力
逻辑能力强	分析能力
较强的逻辑思维能力	分析能力
快速分析定位问题能力	问题解决能力
沟通能力良好	人际交往能力
工作具有责任心	工程职业道德
核心组件架构和项目实现方法	专业或业务能力
海量数据处理	专业或业务能力
acm奖牌经历	动手能力
大数据研发经验	动手能力
Hive，Python，Spark等分析软件或框架	专业或业务能力
数仓建模、ETL数据抽取、报表开发、任务调度等经验	动手能力
较强的学习能力	自学能力
业务理解能力	分析能力
优秀的沟通协调能力	组织与协调能力
团队合作精神	团队协作能力
善于思考、总结	分析能力
腾讯云从业资格证	专业或业务能力
游戏开发经验	动手能力
掌握C#，C++	专业或业务能力
算法和数学基础	专业或业务能力
Unity开发经验	动手能力
相关工具开发或者流程优化经验	动手能力
技术研究应用能力	计算机与互联网应用能力
良好的团队协作能力	团队协作能力
善于沟通	人际交往能力
敬业专注	工程职业道德
软件开发或架构设计相关工作经验	动手能力
金融支付清算相关行业工作经验	动手能力
Linux/Unix操作系统	专业或业务能力
网络编程、多线程编程、分布式系统开发	专业或业务能力
信息安全等相关技术知识	专业或业务能力
大型、分布式系统开发经验	动手能力
高并发下数据一致性处理	专业或业务能力
C++或Go编程	专业或业务能力
主动思考总结	分析能力
技术有强烈兴趣	工程职业道德
较好的沟通交流能力	人际交往能力
较强的主人翁心态	工程职业道德
大容量、高性能、分布式系统的设计开发经验	动手能力
相关工作经验	动手能力
TCP网络协议	专业或业务能力
监控相关组件应用	计算机与互联网应用能力
强烈的工作责任心	工程职业道德
较好的沟通能力	人际交往能力
良好的团队合作精神	团队协作能力
独立完成工作	实干与执行能力
较强的综合分析问题	分析能力
解决问题的能力	问题解决能力
管理过千台以上的机器	动手能力
运维	动手能力
监控系统构建研发经验	动手能力
5年以上工作经验	动手能力
python/Java/golang至少一种语言	专业或业务能力
独立测试工具开发、	专业或业务能力
独立承担系统和模块开发设计工作	实干与执行能力
主导大型工具平台及框架开发的实践经验	动手能力
架构可测性、编码规范和codereview	专业或业务能力
单元测试相关技术	专业或业务能力
业界新的测试技术	专业或业务能力
先进技术有持续的钻研精神	工程职业道德
创新性思维	创新能力
主动学习	自学能力
技术钻研及落地能力	实干与执行能力
理解CICD及测试各项技术	专业或业务能力
服务化、云化软件开发的实践经验	动手能力
管理能力	领导力
丰富的团队建设经验	动手能力
跨团队沟通和协作	组织与协调能力
强烈的责任感和大局观	工程职业道德
良好的沟通	人际交往能力
表达	口头表达能力
协作能力	团队协作能力
服务意识	工程职业道德
C/C++及游戏客户端研发经验	动手能力
参与过一款3D游戏引擎的研发维护工作	动手能力
游戏研发相关技	专业或业务能力
保持学习和关注	自学能力
算法和数学基础	专业或业务能力
各种光照模型和图形学算法	专业或业务能力
丰富的经验	动手能力
引擎开发实践经验	动手能力
关键技术实现原理	专业或业务能力
跟进引擎技术的新技术发展	实干与执行能力
色的学习	自学能力
技术研究应用能力	计算机与互联网应用能力
良好的团队协作能力	团队协作能力
善于沟通	人际交往能力
敬业专注	工程职业道德
良好的分析解决问题能力	问题解决能力
责任心强	工程职业道德
较高的自我管理	时间管理能力
任务跟进推动能力	时间管理能力
网络、IT行业流程管理或运营服务管理经验	动手能力
大型IT系统设计、实施经验	动手能力
网络运营场景有深入的理解	专业或业务能力
主流网络设备、模块&线缆产品	专业或业务能力
使用场景	计算机与互联网应用能力
较强的抽象能力	分析能力
基于用户需求提炼设计网络服务方案	实干与执行能力
良好的数据敏感度和分析能力	分析能力
工作细致，负责	工程职业道德
承受高强度的工作压力	情绪管理能力
较强的项目管理、流程管理和质量管理能力	专业或业务能力
逻辑思维清晰	分析能力
良好的沟通协调能力	人际交往能力
服务意识	工程职业道德
责任心强，积极主动	工程职业道德
抗压能力强	情绪管理能力
独立分析和解决问题	问题解决能力
运维或线下项目管理相关经验	动手能力
高维媒体压缩和处理	专业或业务能力
多媒体传输系统	专业或业务能力
深度学习的多媒体处理和压缩算法	专业或业务能力
相关标准化工作（	动手能力
视频编解码算法实现、优化经验	动手能力
优秀的英文阅读能力	外语能力
沟通交流能力强	人际交往能力
工作积极主动	工程职业道德
良好的团队协作能力	团队协作能力
高维媒体压缩和处理	专业或业务能力
多媒体传输系统	专业或业务能力
深度学习的多媒体处理和压缩算法	专业或业务能力
相关标准化工作（	动手能力
视频编解码算法实现、优化经验	动手能力
优秀的英文阅读能力	外语能力
沟通交流能力强	人际交往能力
工作积极主动	工程职业道德
良好的团队协作能力	团队协作能力
高维媒体压缩和处理	专业或业务能力
多媒体传输系统	专业或业务能力
深度学习的多媒体处理和压缩算法	专业或业务能力
相关标准化工作（	动手能力
视频编解码算法实现、优化经验	动手能力
优秀的英文阅读能力	外语能力
沟通交流能力强	人际交往能力
工作积极主动	工程职业道德
良好的团队协作能力	团队协作能力
移动客户端开发经验	动手能力
C/C++，Java开发	专业或业务能力
Linux常见性能指标	专业或业务能力
监控工具	计算机与互联网应用能力
HTTP/TCP/UDP等网络协议	专业或业务能力
良好的学习能力	自学能力
沟通能力	人际交往能力
分析解决问题能力	问题解决能力
责任心强	工程职业道德
良好	工程职业道德
面向对象设计和分析	专业或业务能力
运用常用的设计模式	计算机与互联网应用能力
嵌入式平台开发经验	动手能力
Android端开发经验	动手能力
Android应用层开发、调试等	专业或业务能力
语音交互产品开发经验	动手能力
移动端的工程和性能优化经验	动手能力
工程化应用经验	动手能力
工作经验	动手能力
专项测试、测试开发或后台开发经验	动手能力
实践经验	动手能力
自动化测试、专项测试或白盒测试工具和平台建设	动手能力
良好的团队合作精神	团队协作能力
协调沟通	组织与协调能力
较高的问题推动解决能力	问题解决能力
工作抗压能力	情绪管理能力
富有激情，责任心强，做事客观公正。	工程职业道德
视频相关研发或体验优化经验	动手能力
H.264、H.265等视频编码的算法和标准	专业或业务能力
RTC场景下视频编码及传输原理	专业或业务能力
腾讯云从业资格证	专业或业务能力
iOS或Android平台的相关技术	专业或业务能力
项目开发及测试流程	专业或业务能力
掌握用例设计的各类方法和技巧	专业或业务能力
测试辅助脚本的编写经验	动手能力
专项测试	专业或业务能力
应用经验	动手能力
测试设计、影响面分析	专业或业务能力
问题跟进者	问题解决能力
操作系统、计算机网络、算法与数据结构	专业或业务能力
Linux环	专业或业务能力
后台服务的开发和性能调优	专业或业务能力
PB、RPC、	专业或业务能力
良好的学习能力	自学能力
沟通能力	人际交往能力
团队合作意识	团队协作能力
强烈的责任心与主动性	工程职业道德
云原生后台架构经验	动手能力
K8s、OpenTelemetry	专业或业务能力
海量并发经验	动手能力
掌握Go语言、k8s；	专业或业务能力
mysql、redis、elk等开发经验	动手能力
追踪、定位和调优的经验	动手能力
设计和实现可运维性系统、高可用系统	专业或业务能力
独立的思考	专业或业务能力
相关经验	动手能力
逻辑思维清晰	分析能力
良好的沟通表达能力	人际交往能力
推动执行能力	实干与执行能力
团队合作精神	团队协作能力
Unix/Linux操作系统原理	专业或业务能力
常用工具	计算机与互联网应用能力
开源社区贡献经验	动手能力
go语言相关逻辑和深层优化方面的经验	动手能力
多进程多线程编程	专业或业务能力
Unix/Linux下常用架构设计方法	专业或业务能力
电商业务项目经历	动手能力
负责过或	动手能力
基本的架构设计思维	专业或业务能力
团队协助意识	团队协作能力
表达能力	口头表达能力
产品细节有追求	工程职业道德
优秀的自学能力	自学能力
富有激情，不畏困难	工程职业道德
自我驱动	工程职业道德
达成目标	实干与执行能力
游戏客户端开发经验	动手能力
参与过一款3D游戏项目	动手能力
游戏研发技术领域有较为全面的了解和关注	信息收集能力
软件研发领域知识	专业或业务能力
C#,lua,C/C++	专业或业务能力
Unity3D引擎实践经验	动手能力
熟练应用于Gameplay的开发	计算机与互联网应用能力
色的学习能力	自学能力
良好的问题分析解决能力	问题解决能力
较高的团队协作	团队协作能力
任务跟进能力	时间管理能力
善于沟通	人际交往能力
使命必达；	实干与执行能力
游戏开发经验	动手能力
掌握C#，C++	专业或业务能力
常用算法及设计模式	专业或业务能力
优秀的学习能力	自学能力
问题分析能力	分析能力
善于沟通	人际交往能力
热爱游戏事业	工程职业道德
移动平台游戏完整研发经验	动手能力
Unity3D或Unreal经验	动手能力
游戏相关开发经验	动手能力
常用算法及设计模式	专业或业务能力
数学,物理基础扎实	专业或业务能力
优秀的学习能力	自学能力
沟通能力	人际交往能力
有责任心	工程职业道德
游戏事业有热情	工程职业道德
引擎底层机制	专业或业务能力
性能优化经验	动手能力
Linux系统	专业或业务能力
开发调试工具	计算机与互联网应用能力
TCP/IP/UDP等网络协议	专业或业务能力
TCP、QUIC等协议设计中的流控技术	专业或业务能力
实时传输相关技术的算法分析工具	计算机与互联网应用能力
W3C关于WebRTC的通讯标准	专业或业务能力
WebRTC的QOE/QOS的实现与调优经验	动手能力
H264,H265,VP9,AV1等视频编码	专业或业务能力
开源编解码项目	专业或业务能力
精通游戏引擎	专业或业务能力
UE4引擎/编辑器代码修改经验	动手能力
完整上线产品经验	动手能力
游戏开发各种工具链的开发经验	动手能力
脚本语言开发经验	动手能力
熟悉脚本语言的运转机制	专业或业务能力
较强的产品意识	工程职业道德
团队协作能力	团队协作能力
较强的沟通能力	人际交往能力
充满热情，有好奇心，有较强的自驱性工作	工程职业道德
独立解决某一个具体领域的问题	问题解决能力
Linux/Unix系统下c/c++开发经验	动手能力
掌握常用linux命令	计算机与互联网应用能力
常用性能调优方法	专业或业务能力
网络服务程序开发	专业或业务能力
高并发、高性能、分布式系统设计	专业或业务能力
较强沟通能力	人际交往能力
良好表述能力	口头表达能力
团队合作能力	团队协作能力
软件知识结构全面	专业或业务能力
代码及架构抽象能力	分析能力
推荐系统、分布式系统开发经验	动手能力
3A游戏引擎工具的开发经验	动手能力
C++，Python，编程语言	专业或业务能力
影视或游戏动画工作经验	动手能力
mocap技术支持经验	动手能力
沟通协作	组织与协调能力
团队意识	团队协作能力
协助解决技术问题	问题解决能力
游戏开发经验	动手能力
理解3D游戏引擎架构	专业或业务能力
深度游戏性能优化经验	动手能力
识别项目内的工作瓶颈	分析能力
提出可行的技术方案	问题解决能力
强烈的技术好奇心	工程职业道德
持续关注和探索游戏开发领域的前沿技术	信息收集能力
清晰的逻辑思维	分析能力
规划能力	专业或业务能力
游戏游戏引擎开发和维护经验	动手能力
理解3D游戏引擎架构	专业或业务能力
开放大世界领域开发经验	动手能力
3D图形学，	专业或业务能力
掌握3D图形渲染技术	专业或业务能力
移动游戏优化经验	动手能力
移动端图形优化技巧	专业或业务能力
善于沟通	人际交往能力
游戏前沿技术有热情	工程职业道德
商业游戏引擎源代码	专业或业务能力
FPS游戏熟悉	专业或业务能力
热爱	工程职业道德
掌握C++	专业或业务能力
lua或者其他脚本语言	专业或业务能力
UE4gameplay相关开发经验	动手能力
UE4的项目优化经验	动手能力
UE项目工具开发经验	动手能力
FPS游戏熟悉	专业或业务能力
热爱	工程职业道德
优秀的学习能力	自学能力
善于沟通	人际交往能力
热爱游戏事业	工程职业道德
游戏游戏引擎开发和维护经验	动手能力
理解3D游戏引擎架构	专业或业务能力
开放大世界领域开发经验	动手能力
多线程	专业或业务能力
3D图形学	专业或业务能力
良好的数学和算法基础	专业或业务能力
掌握3D图形渲染技术	专业或业务能力
Shader相关开发	专业或业务能力
移动游戏优化经验	动手能力
移动端图形优化技巧	专业或业务能力
善于沟通	人际交往能力
游戏前沿技术有热情	工程职业道德
商业游戏引擎源代码	专业或业务能力
FPS游戏熟悉	专业或业务能力
热爱	工程职业道德
掌握C++	专业或业务能力
3D技术	专业或业务能力
UE引擎底层架构设计	专业或业务能力
优秀的学习能力	自学能力
善于沟通	人际交往能力
热爱游戏事业	工程职业道德
FPS游戏熟悉	专业或业务能力
热爱	工程职业道德
精通Go/C/C++/	专业或业务能力
大型项目开发经验	动手能力
大规	动手能力
Linux系统、shell命令、调试工具	专业或业务能力
TCP/IP原理	专业或业务能力
网络编程经验	动手能力
较强的分析	分析能力
解决问题能力	问题解决能力
性格开朗	工程职业道德
自驱力强	时间管理能力
游戏相关或移动平台开发经验	动手能力
3D图形学	专业或业务能力
良好的数学和算法基础	专业或业务能力
移动游戏优化经验	动手能力
移动端图形优化技巧	专业或业务能力
善于沟通	人际交往能力
游戏前沿技术有热情	工程职业道德
悉商业游戏引擎源代码	专业或业务能力
FPS游戏熟悉	专业或业务能力
热爱	工程职业道德
良好的软件设计和开发能力	专业或业务能力
Java、Python、Go	专业或业务能力
SpringBoot、MySQL、K8S、Docker等应用开发组件/框架	计算机与互联网应用能力
Web应用开发经验	动手能力
TF/Pytorch等机器学习框架	专业或业务能力
模型训练、模型推理	专业或业务能力
良好的沟通能力	人际交往能力
团队协作意识	团队协作能力
Linux游戏后台开发经验	动手能力
使用C++语言	专业或业务能力
流行的开发模式	专业或业务能力
网络游戏项目开发经验	动手能力
游戏开发过程中	专业或业务能力
优秀的分析解决问题能力	问题解决能力
沟通协作能力	团队协作能力
相关工作经验	动手能力
算法	专业或业务能力
互联网行业的应用	计算机与互联网应用能力
浓厚的兴趣	工程职业道德
发表	动手能力
常用的算法和数据结构	专业或业务能力
C/C++、Java、Python	专业或业务能力
熟悉k8s等容器相关技术	专业或业务能力
大规模DeepLearning系统研发经验	动手能力
较强动手	动手能力
快速学习能力	自学能力
应用TF、PyTorch等主流框架	计算机与互联网应用能力
模型搭建与算法调优	专业或业务能力
计算机图形学算法	专业或业务能力
相关方向有相关经验	动手能力
虚拟形象创建	专业或业务能力
2d/3d姿态估计与识别	专业或业务能力
C/C++，Python，Java	专业或业务能力
Tensorflow、Caffe、pytorch等	专业或业务能力
优秀的逻辑思维能力	分析能力
分析和解决问题	问题解决能力
表达能力	口头表达能力
团队协作能力	团队协作能力
论文发表	专业或业务能力
完整项目研发经验及带项目经验	动手能力
大数据技术	专业或业务能力
精通其中2项	专业或业务能力
一门以上编程语言	专业或业务能力
linux或unix操作系统	专业或业务能力
大数据运维或开发经验	动手能力
很好的故障排查能力	问题解决能力
技术敏感度	分析能力
游戏相关或移动平台开发经验	动手能力
3D图形学和渲染管线	专业或业务能力
良好的数学和算法基础	专业或业务能力
掌握C++语言	专业或业务能力
游戏项目性能优化经验	动手能力
UE4或其它商业、自研引擎代码	专业或业务能力
引擎开发经验	动手能力
责任心	工程职业道德
学习能力强	自学能力
善于沟通	人际交往能力
游戏前沿技术有热情	工程职业道德
R/Python/SQL等	专业或业务能力
Hadoop/Hive/Spark等大数据平台	计算机与互联网应用能力
A/BTesting领域的专业知识	专业或业务能力
探索和优化检验方法	专业或业务能力
敏锐的数据洞察力	分析能力
严谨的逻辑思维能力	分析能力
系统性方法论的沉淀	分析能力
数据科学相关的工作经验	动手能力
国内外互联网公司数据经验	动手能力
逻辑清晰	分析能力
遇到问题能够一追到底	工程职业道德
独立	实干与执行能力
良好	人际交往能力
跨团队沟通能力强	组织与协调能力
有高度的责任心和专业精神	工程职业道德
游戏开发经验	动手能力
lua脚本语言	专业或业务能力
android和IOS系统	专业或业务能力
unreal4引擎开发经验	动手能力
良好的学习	自学能力
技术研究应用的能力	计算机与互联网应用能力
团队协作能力	团队协作能力
善于沟通	人际交往能力
敬业专注	工程职业道德
完整研发经验	动手能力
机器学习理论	专业或业务能力
常见深度学习算法	专业或业务能力
搜索、广告、推荐架构和算法	专业或业务能力
优秀的编码能力	专业或业务能力
搜广推算法和策略架构	专业或业务能力
负责过核心算法模块	动手能力
解决能力	问题解决能力
良好的业务理解能力	分析能力
团队合作	团队协作能力
沟通能力	人际交往能力
优秀的自驱力	时间管理能力
优秀的逻辑性与结构性思维	分析能力
责任心强	工程职业道德
学习能力强	自学能力
未知的问题充满激情	工程职业道德
游戏开发经验	动手能力
UE4引擎开发经验	动手能力
理解3D游戏引擎架构	专业或业务能力
掌握3D图形渲染技术与引擎框架	专业或业务能力
Shader相关开发	专业或业务能力
PBR渲染相关经验	动手能力
渲染、动画、物理等核心模块的实现	专业或业务能力
游戏引擎技术有热情	工程职业道德
熟悉游戏技术趋势和最新技术应用	信息收集能力
良好的分析	分析能力
解决问题的能力	问题解决能力
高度的责任心	工程职业道德
良好的沟通	人际交往能力
团队协作能力	团队协作能力
C/C++及游戏研发经验	动手能力
保持学习和关注	自学能力
算法和数学基础	专业或业务能力
软件架构能力	专业或业务能力
掌握多线程编程技术	专业或业务能力
理解DOD/ECS等技术的设计理念	专业或业务能力
技术研究应用能力	计算机与互联网应用能力
良好的问题分析	分析能力
解决能力	问题解决能力
较高的团队协作	团队协作能力
需求跟进能力	时间管理能力
善于沟通	人际交往能力
使命必达；	实干与执行能力
一种或者多种软件开发语言	专业或业务能力
系统软件或者平台软件开发经验	动手能力
前端开发经验	动手能力
系统开发工具经验	动手能力
求知欲强	工程职业道德
快速学习	自学能力
强烈的上进心和责任感	工程职业道德
良好的逻辑思维	分析能力
语言表达	口头表达能力
沟通力	人际交往能力
团队协作精神	团队协作能力
成本管理或战略管理咨询	专业或业务能力
云计算或者信息化领域工作经验	动手能力
敏锐的数据洞察力	分析能力
严谨的逻辑思维能力	分析能力
分析、归纳、解决问题	问题解决能力
量化数据建模	专业或业务能力
专业的市场分析和战略研究的方法论	专业或业务能力
主导过较大型项目的工作	动手能力
内外部合作	组织与协调能力
丰富的跨团队合作经验	团队协作能力
工作踏实、积极主动	工程职业道德
承受一定的工作压力	情绪管理能力
Linux后台开发经验	动手能力
常用设计模式	专业或业务能力
网络编程以及数据库使用	专业或业务能力
海量、高性能、分布式开发有经验	动手能力
软件开发及架构设计经验	动手能力
分布式业务系统的设计与开发	专业或业务能力
Java、Golang等开发语言	专业或业务能力
SpringCloud、Dubbo等主流微服务框架或ServiceMesh框架	专业或业务能力
MyS	计算机与互联网应用能力
主流数据库的使用	计算机与互联网应用能力
应用Docker、Kubernetes	计算机与互联网应用能力
良好的分析解决问题能力	问题解决能力
独立承担任务	实干与执行能力
有系统进度把控能力	时间管理能力
责任心强	工程职业道德
良好的对外沟通	组织与协调能力
团队协作能力	团队协作能力
优秀的表达能力	口头表达能力
思路清晰、逻辑缜密	分析能力
新鲜事物有较高的敏感度和好奇心	工程职业道德
互联网或IT行业成本分析管理经验	动手能力
Python等工具	计算机与互联网应用能力
业界主流BI产品	专业或业务能力
良好的分析	分析能力
研究	问题解决能力
解决问题能力	问题解决能力
较强的沟通表达	人际交往能力
团队协作	团队协作能力
项目管理能力	领导力
工作踏实、积极主动	工程职业道德
能够承受压力	情绪管理能力
互联网产品或云计算平台的后台开发经验	动手能力
Python/C++/Java	专业或业务能力
软硬件性能优化	专业或业务能力
Docker、Kubernetes底层技术	专业或业务能力
云原生架构设计或改造经验	动手能力
高并发、高可靠、大规模的后台服务系统架构设计经验	动手能力
良好的分析	分析能力
研究	问题解决能力
解决问题能力	问题解决能力
较强的沟通表达	人际交往能力
团队协作	团队协作能力
项目管理能力	领导力
工作踏实、积极主动	工程职业道德
承受一定的工作压力	情绪管理能力
产品架构设计经验	动手能力
大型公有云厂商架构设计经验	动手能力
docker容器技术和Kubernetes	专业或业务能力
大型k8s集群运维开发经验	动手能力
业务容器化、k8s优化经验	动手能力
良好的分析	分析能力
研究	问题解决能力
解决问题能力	问题解决能力
制定产品或架构成本优化方案经验	动手能力
较强的沟通表达	人际交往能力
团队协作	团队协作能力
项目管理能力	领导力
工作踏实、积极主动	工程职业道德
承受压力	情绪管理能力
后台开发或运维经验	动手能力
linux、TCP/IP等	专业或业务能力
常用开发框架和组件	计算机与互联网应用能力
架构设计思维	专业或业务能力
大型公有云厂商架构设计经验	动手能力
docker和Kubernetes	专业或业务能力
大规模容器集群研发、运营或指导业务容器化经验	动手能力
良好的分析	分析能力
解决问题能力	问题解决能力
较强的沟通表达	口头表达能力
团队协作	团队协作能力
项目管理能力	领导力
工作踏实、积极主动	工程职业道德
承受压力	情绪管理能力
后端开发的工作经验	动手能力
WebIDE开发经验	动手能力
Golang/JAVA/TypeScript/Node.js	专业或业务能力
了解设计模式	专业或业务能力
实践	动手能力
实践经验	动手能力
大型分布式项目的架构经验	动手能力
实践经验	动手能力
研究过与IDE相关的技术实现	动手能力
底层原理和机制	专业或业务能力
开发或系统交付工作经验	动手能力
C/C++/Java	专业或业务能力
白盒	动手能力
专业测试领域经验	动手能力
测试流程和测试用例设计方法	专业或业务能力
主动进行技术钻研	实干与执行能力
编写自动测试工具和系统的能力	专业或业务能力
冲突管理的能力	专业或业务能力
团队合作	团队协作能力
理解和适应变化	情绪管理能力
努力追求成功	工程职业道德
相关基础扎实	专业或业务能力
测试开发或开发经验	动手能力
软件测试基础流程	专业或业务能力
掌握	专业或业务能力
go语言经验	动手能力
独立进行相关的测试工具	实干与执行能力
流程平台系统类或大前端类技术框架	计算机与互联网应用能力
掌握领域测试技术和工具	计算机与互联网应用能力
专项测试技能	专业或业务能力
白盒测试经验	动手能力
基于业务逻辑开发适用的测试工具	实干与执行能力
热爱质量保障测试工作	工程职业道德
良好团队合作意识	团队协作能力
责任心强	工程职业道德
有内驱	时间管理能力
抗压能力	情绪管理能力
较强的沟通能力	人际交往能力
表达能力	口头表达能力
3D引擎或工具开发经验	动手能力
掌握3D游戏引擎架构	专业或业务能力
3D引擎的接口和游戏制作流程	专业或业务能力
unreal4引擎开发	动手能力
实战经验	动手能力
大数据研发经验	动手能力
基础知识扎实	专业或业务能力
学习热情	自学能力
掌握java/scala	专业或业务能力
分布式网络、进程通信、数据同步、调度等原理	专业或业务能力
善于定位问题	问题解决能力
应用相关的大数据套件	计算机与互联网应用能力
常见OLAP/OLTP引擎选型及优劣	专业或业务能力
实际大数据项目架构经验	动手能力
数据仓库、结合业务制定数据维度和指标	专业或业务能力
常用机器学习方法	专业或业务能力
善于沟通	人际交往能力
主动思考总结	分析能力
良好的团队合作	团队协作能力
抗压能力	情绪管理能力
强烈的主人翁意识推进事务进展	工程职业道德
云计算相关技术	专业或业务能力
理解IT技术文档与技术术语	分析能力
ITIL基础知识	专业或业务能力
服务管理平台建设和运营管理的经验	动手能力
沟通能力强	人际交往能力
直接与业务沟通	人际交往能力
提出合理建议和解决方案	问题解决能力
使用MSOffice、WPS、Processon、Xmind、Visio、TAPD、JIRA、Confluence等办公和管理工具	计算机与互联网应用能力
有产品0-1和运营经验	动手能力
较好的文档撰写能力	书面表达能力
网络架构工作经验	动手能力
OSPF、BGP、ISIS、MPLSVPN／TE、EVPN	专业或业务能力
产品技术及产品架构	专业或业务能力
全球主流运营商网络结构	专业或业务能力
CCIE、JNCIE等	专业或业务能力
腾讯云从业资格证	专业或业务能力
良好的沟通能力	人际交往能力
良好的书面	书面表达能力
口头表达能力	口头表达能力
较高的文档撰写水平	书面表达能力
思维缜密，逻辑性强	分析能力
挑战精神和前瞻性	工程职业道德
良好的团队协作精神	团队协作能力
云计算相关技术	专业或业务能力
理解IT技术文档与技术术语	分析能力
项目管理经验	动手能力
智能客服建设和运营经验	动手能力
各类服务场景知识的生产	专业或业务能力
构建各类知识树和	专业或业务能力
跨部门沟通协作能力	组织与协调能力
工作主动，细致严谨	工程职业道德
条理清晰	分析能力
数据库工作经验	动手能力
MySQL/PostgreSQL	专业或业务能力
数据库的运行机制和架构体系	专业或业务能力
数据库架构与设计	专业或业务能力
数据库解决方案的优劣和适用场景	专业或业务能力
根据具体场景合理进行数据库选型和架构设计	实干与执行能力
Linux	专业或业务能力
掌握数据库性能优化技巧	专业或业务能力
定位全链路上的性能瓶颈	问题解决能力
推动解决问题	问题解决能力
娴熟的沟通技巧	人际交往能力
执行力强	实干与执行能力
优秀的团队合作精神	团队协作能力
敬业精神	工程职业道德
互联网与云计算行业有清晰的认知	专业或业务能力
去O相关项目经验	动手能力
大型行业应用架构经历	动手能力
需求分析能力	分析能力
较强的抗压能力	情绪管理能力
良好的服务意识	工程职业道德
良好的团队协作能力	团队协作能力
喜欢有挑战的工作	工程职业道德
腾讯云技术认证	专业或业务能力
数据库工作经验	动手能力
MySQL/PostgreSQL	专业或业务能力
数据库的运行机制和架构体系	专业或业务能力
数据库架构与设计	专业或业务能力
数据库解决方案的优劣和适用场景	专业或业务能力
根据具体场景合理进行数据库选型和架构设计	实干与执行能力
Linux	专业或业务能力
掌握数据库性能优化技巧	专业或业务能力
定位全链路上的性能瓶颈	问题解决能力
推动解决问题	问题解决能力
娴熟的沟通技巧	人际交往能力
执行力强	实干与执行能力
优秀的团队合作精神	团队协作能力
敬业精神	工程职业道德
互联网与云计算行业有清晰的认知	专业或业务能力
去O相关项目经验	动手能力
大型行业应用架构经历	动手能力
需求分析能力	分析能力
较强的抗压能力	情绪管理能力
良好的服务意识	工程职业道德
良好的团队协作能力	团队协作能力
喜欢有挑战的工作	工程职业道德
腾讯云技术认证	专业或业务能力
Linux运维工作经验	动手能力
100台以上Linux服务器运维经验	动手能力
Linux内核	专业或业务能力
相关实践	动手能力
KVM/Xen等虚拟化技术	专业或业务能力
分布式系统理论	专业或业务能力
大规模分布式存储系统架构经验	动手能力
使用Linux底层工具链	计算机与互联网应用能力
某一CPU体系结构	专业或业务能力
底层性能调优	专业或业务能力
协议栈以及协议	专业或业务能力
TCP/IP协议	专业或业务能力
OSPF、BGP等动态路由协议	专业或业务能力
IPSecVPN、SSLVPN、NAT、MPLS原理	专业或业务能力
分析故障排查能力	分析能力
docker和kubernetes的搭建和使用	计算机与互联网应用能力
helm使用	计算机与互联网应用能力
大规模K8S集群运维经验	动手能力
k8s问题定位能力	问题解决能力
prometheus监控系统的使用	计算机与互联网应用能力
k8sCNI网络模型和分布式存储CSI实现	专业或业务能力
操作系统与硬件兼容性方面经验丰富	动手能力
硬件RAS相关经验	动手能力
丰富内核故障调试经验	动手能力
熟练运用linux命令	计算机与互联网应用能力
shell/python一种脚本编写能力	专业或业务能力
较好的表达	口头表达能力
沟通能力	人际交往能力
逻辑思考能力	分析能力
现场解决客户的问题	问题解决能力
承受一线客户的压力	情绪管理能力
服务体系客服团队管理经验	动手能力
运营管理体系及业务流程	专业或业务能力
面向客户的舆情/投诉处理、危机处理、商务谈判相关经验	动手能力
直接面向用户的沟通谈判经历	动手能力
Tob客户投诉处理工作经验	动手能力
云计算系统（公有云/私有云/混合云/PaaS/SaaSetc.）相关工作经验	动手能力
风险分级方法及风险矩阵设计	专业或业务能力
宏观业务分析能力	分析能力
较强的前瞻性和原则性	工程职业道德
互联网私域社区运营、粉丝运营相关工作经验	动手能力
用户增长和活动运营方法	专业或业务能力
敏锐的用户洞察力	信息收集能力
思维活跃	分析能力
脑洞大	分析能力
具有创新能力	创新能力
优秀的活动策划	领导力
文案撰写能力	书面表达能力
数据分析挖掘	专业或业务能力
逻辑思维能力强	分析能力
跨部门沟通能力	组织与协调能力
团队协作能力	团队协作能力
调动内外部各种资源	组织与协调能力
开发/交付/运维经验	动手能力
计算机基础	专业或业务能力
linux操作系统、TCP/IP网络协议	专业或业务能力
shell/Python/Java/go	专业或业务能力
容器Docker和Kubernetes的使用	计算机与互联网应用能力
规模化实战运维经验	动手能力
webserver、中间件、大数据、数据库等组件的维护使用	计算机与互联网应用能力
熟悉搭建、使用、运维、参数调优	计算机与互联网应用能力
2~3项架构	专业或业务能力
良好的分析解决问题能力	问题解决能力
独立承担任务	实干与执行能力
表达能力	口头表达能力
自我驱动能力	时间管理能力
2年以上工作经验	动手能力
良好的学习能力	自学能力
技术理解力	分析能力
快速学习了	自学能力
文字功底扎实	书面表达能力
技术内容组织与编写	专业或业务能力
良好的沟通能力	人际交往能力
工作主动积极	工程职业道德
合作意识强	团队协作能力
云产品知识库开发工作经验	动手能力
从事过云厂商技术支持	动手能力
系统运维或研发工作经验	动手能力
运维管理工作	动手能力
网络和系统、数据库相关技术	专业或业务能力
问题分析能力	分析能力
相关技术的使用	计算机与互联网应用能力
公有云服务体系	专业或业务能力
IaaS、PaaS、SaaS	专业或业务能力
python或golang开发能力	专业或业务能力
良好沟通能力	人际交往能力
服务意识	工程职业道德
独立解决项目的问题	问题解决能力
总结	分析能力
激情	工程职业道德
较强的学习能力	自学能力
高度的责任心	工程职业道德
良好的沟通技巧	人际交往能力
团队合作精神	团队协作能力
重大突发客情处置	问题解决能力
回访客户	人际交往能力
故障报告输出	书面表达能力
云计算相关技术	专业或业务能力
理解IT技术文档与技术术语	分析能力
客情风险管理流程	专业或业务能力
较强的客户沟通	人际交往能力
工作主动，细致严谨	工程职业道德
条理清晰	分析能力
开发经验	动手能力
Python、Go	专业或业务能力
HTML/JS/Css以及HTTP原理	专业或业务能力
Shell、Linux开发环境	计算机与互联网应用能力
Web开发框架（react\vue）	专业或业务能力
运营支撑系统等开发经验	动手能力
良好的学习能力	自学能力
沟通能力	人际交往能力
团队合作意识	团队协作能力
自我驱动成长	工程职业道德
开发经验	动手能力
linux操作系统	专业或业务能力
linux网络编程经验	动手能力
GO/Python/C++	专业或业务能力
HTML/JS/Css以及HTTP原理	专业或业务能力
掌握MySql数据库	专业或业务能力
良好的学习能力	自学能力
沟通能力	人际交往能力
团队合作意识	团队协作能力
强烈的责任心与主动性	工程职业道德
自我驱动	时间管理能力
容器/Kubernetes/serverless等云原生技术理念	专业或业务能力
自动化运维系统开发经验	动手能力
腾讯云从业资格证	专业或业务能力
云计算相关技术	专业或业务能力
理解IT技术文档与技术术语	分析能力
ITIL、ITSM等工具和方法论有较深入的理解	专业或业务能力
实战经验	动手能力
跨部门沟通协作能力	组织与协调能力
工作主动，细致严谨	工程职业道德
条理清晰	分析能力
一线开发经验	动手能力
架构设计	专业或业务能力
长C++或者QT等PC平台	专业或业务能力
网络、数据库等常规技术方向	专业或业务能力
综合大型项目各类角色统一推动的能力	组织与协调能力
喜爱研究新技术	工程职业道德
不守旧	工程职业道德
软件架构	专业或业务能力
强化稳定性与可运营能力	专业或业务能力
优秀的分析	分析能力
解决问题的能力	问题解决能力
良好的责任心和主动性	工程职业道德
一线开发经验	动手能力
架构设计	专业或业务能力
长C++或者QT等PC平台	专业或业务能力
网络、数据库等常规技术方向	专业或业务能力
综合大型项目各类角色统一推动的能力	组织与协调能力
喜爱研究新技术	工程职业道德
不守旧	工程职业道德
软件架构	专业或业务能力
强化稳定性与可运营能力	专业或业务能力
优秀的分析	分析能力
解决问题的能力	问题解决能力
良好的责任心和主动性	工程职业道德
大数据开发经验	动手能力
学习热情	自学能力
掌握java/scala	专业或业务能力
分布式网络、进程通信、数据同步、调度等原理	专业或业务能力
善于定位问题	问题解决能力
应用相关的大数据套件	计算机与互联网应用能力
常见OLAP/OLTP引擎选型及优劣	专业或业务能力
实际大数据项目架构经验	动手能力
数据仓库、结合业务制定数据维度和指标	专业或业务能力
元数据治理经验	动手能力
数据中心电力、BA、暖通数据有分析经验	动手能力
相关工作经验	动手能力
安全基础知识	专业或业务能力
Hadoop/Spark/Flink等大数据平台	专业或业务能力
扎实的数据结构和算法功底	专业或业务能力
应用到安全分析工作中	计算机与互联网应用能力
良好团队协作能力	团队协作能力
较强的逻辑思维能力	分析能力
沟通能力	人际交往能力
责任感	工程职业道德
游戏开发经验	动手能力
熟悉UE4或其它游戏引擎	专业或业务能力
有较丰富的经验	动手能力
C++编程基础	专业或业务能力
良好	问题解决能力
与他人良好配合、协作	团队协作能力
3D游戏开发经验	动手能力
参与过一款3D游戏项目	动手能力
良好的数据结构与算法基础	专业或业务能力
OpenGLES/Vulkan/Metal	专业或业务能力
Shader相关开发	专业或业务能力
3D引擎开发	专业或业务能力
理解Unity或UE框架	专业或业务能力
有一领域有丰富经验	动手能力
善于沟通	人际交往能力
使命必达	实干与执行能力
游戏前沿技术有热情	工程职业道德
大型商业游戏引擎源代码	专业或业务能力
移动游戏优化经验	动手能力
掌握移动端图形优化技巧	专业或业务能力
相关开发经验	动手能力
良好的C/C++编程能力	专业或业务能力
良好的学习能力	自学能力
分析解决问题能力	问题解决能力
责任心强	工程职业道德
良好的对外沟通	组织与协调能力
团队协作能力	团队协作能力
JAVA开发语言	专业或业务能力
Android移动端应用开发	专业或业务能力
JNI接口通讯方式	专业或业务能力
深度学习SDK开发和接入经验	动手能力
多终端开发经验	动手能力
音视频相关开发经验	动手能力
腾讯云从业资格证	专业或业务能力
Windows开发经验	动手能力
计算机基础扎实	专业或业务能力
主流UI框架(QT)	专业或业务能力
C++语言	专业或业务能力
代码管理工具git；	计算机与互联网应用能力
扎实的数据结构和算法基础	专业或业务能力
良好的分析解决问题能力	问题解决能力
良好的学习和分享习惯	自学能力
工作积极主动，责任心强	工程职业道德
跨平台开发经验	动手能力
音视频开发经验	动手能力
腾讯云从业资格证	专业或业务能力
相关开发经验	动手能力
良好的C/C++编程能力	专业或业务能力
良好的学习能力	自学能力
分析解决问题能力	问题解决能力
责任心强	工程职业道德
良好的对外沟通	组织与协调能力
团队协作能力	团队协作能力
Objective-C开发语言	专业或业务能力
GCD运行机制	专业或业务能力
数据结构和算法基础	专业或业务能力
深度学习SDK开发和接入经验	动手能力
多终端开发经验	动手能力
音视频相关开发经验	动手能力
腾讯云从业资格证	专业或业务能力
相关开发经验	动手能力
良好的C/C++编程能力	专业或业务能力
良好的学习能力	自学能力
分析解决问题能力	问题解决能力
责任心强	工程职业道德
良好的对外沟通	组织与协调能力
团队协作能力	团队协作能力
HTTP的基本工作原理	专业或业务能力
常用Web调试工具	计算机与互联网应用能力
运用至少一款主流的JS框架	计算机与互联网应用能力
良好的代码风格	专业或业务能力
深度学习SDK开发和接入经验	动手能力
多终端开发经验	动手能力
音视频相关开发经验	动手能力
腾讯云从业资格证	专业或业务能力
各大视频编码标准	专业或业务能力
开源或其他商用编解码软件	专业或业务能力
新的编解码器优化算法	专业或业务能力
计算机原理及硬件基础知识	专业或业务能力
Linux内核	专业或业务能力
服务器硬件或OS测试经验	动手能力
KVM虚拟化技术	专业或业务能力
KVM、libvirt、qemu功能模块有过相关测试经验	动手能力
Shell/Python语言	专业或业务能力
自动化脚本开发能力	专业或业务能力
责任感强	工程职业道德
良好的沟通	人际交往能力
协作能力	团队协作能力
抗压能力	情绪管理能力
计算机原理及硬件基础知识	专业或业务能力
Linux内核	专业或业务能力
服务器硬件或OS测试经验	动手能力
KVM虚拟化技术	专业或业务能力
KVM、libvirt、qemu功能模块有过相关测试经验	动手能力
Shell/Python语言	专业或业务能力
自动化脚本开发能力	专业或业务能力
责任感强	工程职业道德
良好的沟通	人际交往能力
协作能力	团队协作能力
抗压能力	情绪管理能力
游戏客户端开发经验	动手能力
参与过一款3D游戏项目	动手能力
游戏研发技术领域有较为全面的了解和关注	信息收集能力
软件研发领域知识	专业或业务能力
使用C++/Lua	专业或业务能力
UE4引擎实践经验	动手能力
熟练应用于Gameplay的开发	计算机与互联网应用能力
色的学习能力	自学能力
良好的问题分析解决能力	问题解决能力
较高的团队协作	团队协作能力
任务跟进能力	时间管理能力
善于沟通	人际交往能力
使命必达；	实干与执行能力
Linux运维工作经验	动手能力
100台以上Linux服务器运维经验	动手能力
熟练运用linux命令	计算机与互联网应用能力
shell/python一种脚本编写能力	专业或业务能力
Linux内核	专业或业务能力
相关实践	动手能力
分布式系统理论	专业或业务能力
大规模分布式存储系统架构经验	动手能力
TCP/IP协议	专业或业务能力
OSPF、BGP、IPSecVPN、SSLVPN、NAT、MPLS原理	专业或业务能力
分析故障排查能力	问题解决能力
docker和kubernetes的搭建和使用	计算机与互联网应用能力
helm使用	计算机与互联网应用能力
大规模K8S集群运维经验	动手能力
k8s问题定位能力	问题解决能力
k8sCNI网络模型和分布式存储CSI实现	专业或业务能力
较好的表达	口头表达能力
沟通能力	人际交往能力
逻辑思考能力	分析能力
现场解决客户的问题	问题解决能力
承受一线客户的压力	情绪管理能力
某一CPU体系结构	专业或业务能力
底层性能调优	专业或业务能力
网络/存储等协议栈以及协议精通	专业或业务能力
prometheus监控系统	计算机与互联网应用能力
操作系统与硬件兼容性方面经验丰富	动手能力
硬件RAS相关经验	动手能力
丰富内核故障调试经验	动手能力
5年以上工作经验	动手能力
在互联网行业的应用	计算机与互联网应用能力
并行计算开发经验	动手能力
常用的算法和数据结构知识	专业或业务能力
相关知识背景	动手能力
相关工作经验	动手能力
扎实的计算机基础	专业或业务能力
当前流行的JavaScript类库	专业或业务能力
JavaScript面向对象编程方法	专业或业务能力
TS实际项目经验	动手能力
Web标准	专业或业务能力
一种前端MVVM框架	计算机与互联网应用能力
实际经验	动手能力
微信小程序开发	专业或业务能力
一种小程序开发框架	计算机与互联网应用能力
小程序实际开发经验	动手能力
web构建工具webpack	计算机与互联网应用能力
常规配置	专业或业务能力
常用插件作用	计算机与互联网应用能力
良好的编码风格和习惯	专业或业务能力
学习能力	自学能力
保持对技术的热情	工程职业道德
相关工作经验	动手能力
流行的Web开发流程及框架	专业或业务能力
Linux	专业或业务能力
Linux常用命令及工具	计算机与互联网应用能力
网络的基本原理	专业或业务能力
MySQL	专业或业务能力
Node.js和Golang	专业或业务能力
扎实的计算机基础	专业或业务能力
学习能力	自学能力
保持对技术的热情	工程职业道德
云计算相关技术	专业或业务能力
理解IT技术文档与技术术语	分析能力
突出的逻辑	分析能力
沟通能力	人际交往能力
系统性思维	分析能力
较强的文字功底	书面表达能力
数据分析能力	分析能力
ITIL、ITSM等工具和方法论有较深入的理解	专业或业务能力
实战经验	动手能力
跨部门沟通协作能力	组织与协调能力
工作主动，细致严谨	工程职业道德
条理清晰	分析能力
熟悉larveral框架	专业或业务能力
Linux操作系统常用操作	计算机与互联网应用能力
数据库Mysql的设计与研发	专业或业务能力
网络tcpip协议	专业或业务能力
理解常用算法	专业或业务能力
网络安全有	专业或业务能力
网络完全问题的解决方案	问题解决能力
互联网服务或交付管理系统的开发者	专业或业务能力
熟悉larveral框架	专业或业务能力
Linux操作系统常用操作	计算机与互联网应用能力
数据库Mysql的设计与研发	专业或业务能力
网络tcpip协议	专业或业务能力
理解常用算法	专业或业务能力
网络安全有	专业或业务能力
网络完全问题的解决方案	问题解决能力
互联网服务或交付管理系统的开发者	专业或业务能力
从业经历	动手能力
同业开发经历	动手能力
扎实的编程基础	专业或业务能力
自己写过3d渲染引擎	动手能力
unity里的光照系统	专业或业务能力
GI系统有研究	专业或业务能力
渲染管线有研究	动手能力
熟悉URP管线	专业或业务能力
GDC或者Siggraphic的分享有	专业或业务能力
热爱	工程职业道德
Unity3D游戏开发经验	动手能力
引擎开发经验	动手能力
掌握Unity相关的插件及优化技术	专业或业务能力
至少一项经验丰富	动手能力
大型游戏开发经验	动手能力
责任心强	工程职业道德
善于沟通	人际交往能力
游戏前沿技术有热情	工程职业道德
良好的团队合作精神	团队协作能力
自我驱动力	时间管理能力
移动客户端开发经验	动手能力
常用数据结构与算法	专业或业务能力
面向对象开发和设计	专业或业务能力
Android/iOS工作机制	专业或业务能力
Android/iOS平台上APP性能优化的工具和方法	计算机与互联网应用能力
跨端开发经验	动手能力
行业内主流跨端开发框架	专业或业务能力
类RN和Flutter开发经验	动手能力
常见的前端开发框架	计算机与互联网应用能力
良好的架构设计能力	专业或业务能力
丰富的模块化、插件化和动态化开发经验	动手能力
较好的安全合规开发意识和能力	专业或业务能力
熟悉沙箱机制及自定义App内沙箱机制经验	动手能力
完整0-1搭建App经验	动手能力
良好的学习	自学能力
沟通	人际交往能力
合作	团队协作能力
抗压能力	情绪管理能力
两年以上工作经验	动手能力
机器学习、推荐算法、增长营销等	专业或业务能力
应用	计算机与互联网应用能力
独立开展研发工作	实干与执行能力
算法和模型功底	专业或业务能力
python、java、scala、C++	专业或业务能力
丰富的开发经验	动手能力
自驱力强	时间管理能力
思维活跃	分析能力
快速学习新知识	自学能力
追求对技术的热爱和钻研	工程职业道德
相关项目开发经验	动手能力
常见的前端开发框架	计算机与互联网应用能力
熟悉Vue框架	计算机与互联网应用能力
erp、crm、oa等系统的实现	专业或业务能力
相关项目开	动手能力
CI\CD持续集成、持续交付、持续部署流程	专业或业务能力
使用经验	动手能力
前端工程化、模块化、组件化经验	动手能力
HTTP协议、网络安全知识	专业或业务能力
前端性能优化	专业或业务能力
在项目中应用	计算机与互联网应用能力
开源技术	专业或业务能力
linux系统使用经验	动手能力
apache、nginx等常用webserver	专业或业务能力
独立完	实干与执行能力
良好的沟通	人际交往能力
表达能力	口头表达能力
思路清晰	分析能力
较强的动手能力	动手能力
逻辑分析能力	分析能力
热爱互联网开发工作	工程职业道德
参与过一款3D游戏引擎的研发维护工作	动手能力
游戏研发相关技术有系统的掌握	专业或业务能力
保持学习和关注	信息收集能力
算法和数学基础	专业或业务能力
良好的分析解决问题能力	问题解决能力
责任心强	工程职业道德
较高的自我管理	时间管理能力
任务跟进推动能力	时间管理能力
丰富的经验	动手能力
3D游戏引擎实践经验	动手能力
关键技术实现原理	专业或业务能力
实际的二次开发维护经验	动手能力
出色的学习	自学能力
技术研究应用能力	计算机与互联网应用能力
善于沟通	人际交往能力
敬业专注	工程职业道德
Linux系统、TCP/IP网络协议	专业或业务能力
计算机基	专业或业务能力
Golang语言开发	专业或业务能力
Java,Python,Shell	专业或业务能力
独立解决各种系统问题的能力	问题解决能力
Golang语言有深刻的理解	专业或业务能力
Kubernetes/Docker项目经验	动手能力
熟悉源码和原理	专业或业务能力
社区经验	动手能力
linux内核	专业或业务能力
一般问题的定位方向和手段	问题解决能力
Linux内核开发能力	专业或业务能力
良好的沟通能力	人际交往能力
自我驱动能力	时间管理能力
腾讯云从业资格证	专业或业务能力
游戏服务器研发工作经验	动手能力
C/C++开发/设计经验	动手能力
主程经验	动手能力
大型MMO服务器主导开发经验	动手能力
常用数据库Mongodb、MySQL、oracle、MSSQL的设计、开发和优化	专业或业务能力
Socket服务器端通信技术	专业或业务能力
多线程程序开发	专业或业务能力
熟练使用经验	动手能力
海量、高性能、分布式开发有经验	动手能力
热爱游戏行业	工程职业道德
良好的沟通能力	人际交往能力
团队协作能力	团队协作能力
自驱力强	时间管理能力
抗压能力强	情绪管理能力
游戏客户端开发经验	动手能力
理解客户端框架和核心模块的实现	专业或业务能力
主导核心模块的开发经验	动手能力
游戏客户端底层架构经验	动手能力
使用动画，特效等引擎各个模块	计算机与互联网应用能力
完整的MMO和ARPG项目经验	动手能力
游戏开发充满热情	工程职业道德
与他人良好配合、协作	团队协作能力
扎实的计算机基础知识	专业或业务能力
主流的编程语言	专业或业务能力
软件项目开发经验	动手能力
阅读	分析能力
理解企业级代码的能力	分析能力
软件开发的流程,构建工具	专业或业务能力
常见的软件安全漏洞	专业或业务能力
良好的沟通能力	人际交往能力
学习能力	自学能力
使用过代码扫描工具	动手能力
理解代码扫描的基本原理	专业或业务能力
安全测试经验	动手能力
软件安全测试相关证书	专业或业务能力
前端开发工作经验	动手能力
javascript、HTML5、CSS3等	专业或业务能力
丰富的相关开发经验	动手能力
深入应用	动手能力
理解其设计原理	专业或业务能力
移动端web开发或小程序开发的实际经验	动手能力
Node.js服务端开发	专业或业务能力
实际项目经验	动手能力
web常见漏洞有一定的理解	专业或业务能力
相关实践	动手能力
各相关领域的前沿信息	信息收集能力
最新前端技术的设计和实现原理	专业或业务能力
灵活在工作中进行应用	计算机与互联网应用能力
良好的分析解决问题能力	问题解决能力
独立承担任务	实干与执行能力
开发进度把控能力	时间管理能力
Linux后台开发经验	动手能力
C/C++/Java/Python	专业或业务能力
网络编程/操作系统/数据库/多线程	专业或业务能力
设计模式	专业或业务能力
SQL/NoSQL的开发	专业或业务能力
良好的学习能力	自学能力
沟通能力	人际交往能力
团队合作意识	团队协作能力
强烈的责任心与主动性	工程职业道德
自我驱动	时间管理能力
监控/运营支撑系统/等开发经验	动手能力
自动化测试技术；	专业或业务能力
前端技术	专业或业务能力
使用React框架	计算机与互联网应用能力
各类算法研究基础	专业或业务能力
带领团队完成算法产品化的开发	领导力
带领团队完成AILab各类孵化项目中的算法工作	领导力
AI算法能力赋能到各类业务中	计算机与互联网应用能力
会react	计算机与互联网应用能力
原生javascript	专业或业务能力
使用jQuery，react.js等框架及类库	计算机与互联网应用能力
常用WEB开发调试工具	计算机与互联网应用能力
HTTP基本原理	专业或业务能力
linux经验	动手能力
积极主动去工作	工程职业道德
良好的逻辑思维	分析能力
语言表达	口头表达能力
沟通力	人际交往能力
高效配合团队成员	团队协作能力
工作经验	动手能力
专项测试、测试开发或后台开发经验	动手能力
实践经验	动手能力
掌握C/C++/Java	专业或业务能力
丰富实践经历	动手能力
自动化测试、专项测试或白盒测试工具和平台建设	动手能力
良好的团队合作精神	团队协作能力
协调沟通	组织与协调能力
较高的问题推动解决能力	问题解决能力
工作抗压能力	情绪管理能力
富有激情，责任心强，做事客观公正	工程职业道德
大数据相关的开发/测试经验	动手能力
对大数据有浓厚兴趣	工程职业道德
大数据相关组件	专业或业务能力
spark，hive等调优经验	动手能力
大数据集群部署经验	动手能力
丰富大数据场景经验	动手能力
问题快速定位跟踪	问题解决能力
数据湖相关开发测试经验	动手能力
linux系统	专业或业务能力
一种或多种脚本语言	专业或业务能力
CICD有python，java等编写经验	动手能力
良好的团队合作精神	团队协作能力
协调沟通	组织与协调能力
较强的问题定位和推动解决能力	问题解决能力
较强的抗压能力	情绪管理能力
保持工作激情	工程职业道德
计算机原理及硬件基础知识	专业或业务能力
Linux内核	专业或业务能力
服务器硬件或OS测试经验	动手能力
KVM虚拟化技术	专业或业务能力
KVM、libvirt、qemu功能模块有过相关测试经验	动手能力
Shell/Python语言	专业或业务能力
自动化脚本开发能力	专业或业务能力
责任感强	工程职业道德
良好的沟通	人际交往能力
协作能力	团队协作能力
抗压能力	情绪管理能力
玩王者游戏	计算机与互联网应用能力
moba游戏有深入	专业或业务能力
实验设计/因果推断/计量经济的基本知识	专业或业务能力
使用SQL	计算机与互联网应用能力
Python的编程经验	动手能力
实际工作经验	动手能力
思考总结	分析能力
相关编程建模经验	动手能力
应用到实际业务中	计算机与互联网应用能力
崇尚	工程职业道德
游戏客户端研发经验	动手能力
游戏研发技术领域有较为全面的了解和关注	信息收集能力
软件研发领域知识	专业或业务能力
使用C/C++,lua;	计算机与互联网应用能力
良好的问题分析解决能力	问题解决能力
责任心强	工程职业道德
较高的自我管理	时间管理能力
任务跟进推动能力	时间管理能力
UE4引擎开发游戏的实践经验	动手能力
技术研究应用的能力	计算机与互联网应用能力
良好的团队协作能力	团队协作能力
善于沟通	人际交往能力
敬业专注	工程职业道德
日常测试工具和测试框架的应用	计算机与互联网应用能力
理解测试各项技术	专业或业务能力
各种后台测试方法	专业或业务能力
python	专业或业务能力
C++/Java/nodejs/golang	专业或业务能力
主导工具平台及框架开发的实践经验	动手能力
强烈的责任感和大局观	工程职业道德
良好的沟通	人际交往能力
表达	口头表达能力
协作能力	团队协作能力
创新性思维	创新能力
主动学习	自学能力
技术钻研	实干与执行能力
落地能力	实干与执行能力
MMO大型游戏开发经验	动手能力
游戏引擎架构及主流游戏图形算法	专业或业务能力
C++；	专业或业务能力
UE4引擎开发经验	动手能力
UE4渲染管线及线程模型	专业或业务能力
UE4项目上线经验	动手能力
3D美术相关	专业或业务能力
移动端性能优化及崩溃分析	专业或业务能力
移动端CPU和GPU架构	专业或业务能力
AndroidNDK或IOSXCODE平台C++开发	专业或业务能力
热爱游戏	工程职业道德
沟通	人际交往能力
协作能力强	团队协作能力
有责任心	工程职业道德
C/C++及游戏客户端研发经验	动手能力
参与过一款3D游戏引擎的研发维护工作	动手能力
游戏研发相关技	专业或业务能力
保持学习和关注	自学能力
算法和数学基础	专业或业务能力
各种光照模型和图形学算法	专业或业务能力
丰富的经验	动手能力
引擎开发实践经验	动手能力
跟进引擎技术的新技术发展	实干与执行能力
UE4引擎项目研发经验	动手能力
色的学习	自学能力
技术研究应用能力	计算机与互联网应用能力
良好的团队协作能力	团队协作能力
善于沟通	人际交往能力
敬业专注	工程职业道德
良好的分析解决问题能力	问题解决能力
责任心强	工程职业道德
较高的自我管理	时间管理能力
任务跟进推动能力	时间管理能力
开发经验	动手能力
扎实的后端基础知识	专业或业务能力
Golang/C++/Java;	专业或业务能力
Linux系统	专业或业务能力
网络编程	专业或业务能力
TCP/IP、HTTP等工作原理	专业或业务能力
资深的系统设计、架构优化的能力	专业或业务能力
中大型系统设计、研发能力	专业或业务能力
Owner的经验	动手能力
良好的沟通能力	人际交往能力
学习能力	自学能力
分析解决问题能力	问题解决能力
高度的主动性	工程职业道德
积极向上的精神	工程职业道德
高度的责任心	工程职业道德
团队合作精神	团队协作能力
掌握C++	专业或业务能力
掌握3D图形技术	专业或业务能力
虚幻引擎底层架构设计以及功能模块的实现原理	专业或业务能力
优秀的学习能力	自学能力
善于沟通	人际交往能力
热爱游戏事业	工程职业道德
良好的数学、物理基础	专业或业务能力
ACT游戏熟悉和热爱	工程职业道德
扎实的计算机基础	专业或业务能力
掌握Android以及Java/Kotlin开发技能	专业或业务能力
Android项目开发经验	动手能力
Android性能优化相关的工具和知识	计算机与互联网应用能力
Git、Maven、Gradle、AS等常用的开发工具	计算机与互联网应用能力
插件化、热修复、Flutter跨平台技术等经验	动手能力
良好的沟通协调能力	组织与协调能力
分析解决问题的能力	问题解决能力
独立承担开发任务	实干与执行能力
系统把握项目进度的把控能力	时间管理能力
工作积极主动	工程职业道德
Android开发经验	动手能力
基本数据结构和算法	专业或业务能力
Java及Android开发基础	专业或业务能力
Android性能和稳定性相关工作经验	动手能力
常用的线下性能相关的调试和分析工具	计算机与互联网应用能力
丰富的线上问题调试和分析经验	动手能力
移动端崩溃收集和分析过程	专业或业务能力
Matrix等APM性能监控原理	专业或业务能力
良好的分析	分析能力
解决问题能力	问题解决能力
系统级性能和稳定性优化经验	动手能力
devops相关技术	专业或业务能力
研发效率相关工具平台开发经验	动手能力
性能和稳定性相关异常、业务异常监控原理	专业或业务能力
相关工具平台开发经验	动手能力
目标感强	工程职业道德
良好的学习	自学能力
应变能力	情绪管理能力
良好的沟通	人际交往能力
团队协作意识	团队协作能力
工作踏实，态度积极	工程职业道德
互联网业务实际开发经验	动手能力
面向对象技术，设计模式	专业或业务能力
常用的分布式处理框架与组件	专业或业务能力
分布式消息队列	专业或业务能力
mysql、Redis或Memcached；	专业或业务能力
Linux/Unix平台开发	专业或业务能力
网络编程	专业或业务能力
高并发服务开发经验	动手能力
kubernetes开发或使用经验	动手能力
多媒体开发经验	动手能力
HTML、CSS、JavaScript语言以及ES6规范	专业或业务能力
使用Vue/React/Angular其中一种框架	计算机与互联网应用能力
前端基础和编程能力	专业或业务能力
认真负责，积极主动	工程职业道德
软件开发经验	动手能力
架构设计经验	动手能力
分布式业务系统的设计与开发	专业或业务能力
Java、Golang等开发语言	专业或业务能力
SpringCloud、Dubbo等主流微服务框架或ServiceMesh框架	专业或业务能力
MySQL、MongoDB、Redis	计算机与互联网应用能力
主流数据库的	计算机与互联网应用能力
应用Docker、Kubernetes或公有云/私有云平台产品	计算机与互联网应用能力
良好的分析解决问题能力	问题解决能力
独立承担任务	实干与执行能力
有系统进度把控能力	时间管理能力
责任心强	工程职业道德
良好的对外沟通	组织与协调能力
团队协作能力	团队协作能力
优秀的表达能力	口头表达能力
思路清晰、逻辑缜密	分析能力
新鲜事物有较高的敏感度和好奇心	工程职业道德
大型toB项目经验	动手能力
大型分布式系统经验	动手能力
HTML、CSS、JavaScript语言	专业或业务能力
WebGL/Threejs项目开发经验	动手能力
使用Vue/React/Angular其中一种框架	计算机与互联网应用能力
认真负责，积极主动	工程职业道德
良好沟通表达能力	人际交往能力
协作精神	团队协作能力
相关工作经验	动手能力
JavaScript、	专业或业务能力
移动web开发经验	动手能力
前端技术的项目实践经验	动手能力
nodejs开发经验	动手能力
小程序开发经验	动手能力
强烈的上进心和责任感	工程职业道德
较强推动力	时间管理能力
沟通表达	人际交往能力
良好的团队合作精神	团队协作能力
JavaScript/HTML/CSSWeb项目研发经验	动手能力
良好的数据结构和算法基础	专业或业务能力
扎实的原生js基础	专业或业务能力
主流js框架	计算机与互联网应用能力
关注前端领域技术发展	信息收集能力
良好的沟通能力	人际交往能力
团队协作精神	团队协作能力
工作经验	动手能力
基本的数据结构及相关算法	专业或业务能力
复杂度分析方法	专业或业务能力
掌握C++	专业或业务能力
熟悉一门脚本语言	专业或业务能力
多线程/多进程编程相关技术	专业或业务能力
OS基本原理	专业或业务能力
TCP/UDP/HTTP/websocket等通信协议	专业或业务能力
相关开发及调试经验	动手能力
K8S/docker/分布式系统等相关经验	动手能力
软件开发经验	动手能力
架构设计经验	动手能力
分布式业务系统的设计与开发	专业或业务能力
Java、Golang等开发语言	专业或业务能力
SpringCloud、Dubbo等主流微服务框架或ServiceMesh框架	专业或业务能力
MySQL、MongoDB、Redis	计算机与互联网应用能力
主流数据库的	计算机与互联网应用能力
应用Docker、Kubernetes或公有云/私有云平台产品	计算机与互联网应用能力
良好的分析解决问题能力	问题解决能力
独立承担任务	实干与执行能力
有系统进度把控能力	时间管理能力
责任心强	工程职业道德
良好的对外沟通	组织与协调能力
团队协作能力	团队协作能力
优秀的表达能力	口头表达能力
思路清晰、逻辑缜密	分析能力
新鲜事物有较高的敏感度和好奇心	工程职业道德
大型toB项目经验	动手能力
大型分布式系统经验	动手能力
精通Java	专业或业务能力
java开发经验	动手能力
编码能力强	专业或业务能力
常用设计模式	专业或业务能力
微服务架构设计思想	专业或业务能力
SpringBoot/SpringMVC微服务与docker/k8s容器技术应用	计算机与互联网应用能力
ServiceMesh应用经验	动手能力
主流数据库Mysql/SqlServer	专业或业务能力
优秀的数据建模能力	专业或业务能力
数据库问题定位/性能调优经验	动手能力
MongoDB、ElasticSearch等技术	专业或业务能力
掌握vue前端框架技术	专业或业务能力
大型企业IT系统/2B领域SaaS应用开发经验	动手能力
linux跨平台开发经验	动手能力
计算机体系结构	专业或业务能力
前端设计、仿真、时序分析、功耗分析等EDA软件与开发工具	专业或业务能力
悉RV生态与技术发展	信息收集能力
视频编码技术	专业或业务能力
较好的视频编码优化经验	动手能力
视频编码系统的架构设计和优化能力	专业或业务能力
编解码器架构/特性设计	专业或业务能力
丰富的编码器工程实践经验	动手能力
终端编码优化经验	动手能力
window/linux/iOs等多平台设计实现	专业或业务能力
汇编优化经验	动手能力
NEON或x86系列汇编	专业或业务能力
ARM平台上做过视频编码器优化	动手能力
实时视频通讯系统的产品经验	动手能力
多线程编码经验	动手能力
AI编码压缩和码控优化经验	动手能力
一种或者多种软件开发语言	专业或业务能力
系统软件或者平台软件开发经验	动手能力
前端开发经验	动手能力
开源linux社区经验	动手能力
快速学习	自学能力
强烈的上进心和责任感	工程职业道德
良好的逻辑思维	分析能力
语言表达	口头表达能力
沟通力	人际交往能力
团队协作精神	团队协作能力
图形渲染开发或优化经验	动手能力
图形引擎的架构设计	专业或业务能力
GPU编程模型和编程管线	专业或业务能力
C++编程功底和数学基础	专业或业务能力
阅读英文文档	外语能力
UE等商业引擎使用或开发	计算机与互联网应用能力
GPU调试，调优工具	专业或业务能力
GPU性能与兼容性问题	专业或业务能力
视频编码经验	动手能力
视频编码技术	专业或业务能力
终端编码优化经验	动手能力
window/linux/iOs等多平台设计实现	专业或业务能力
汇编优化经验	动手能力
NEON或x86系列汇编	专业或业务能力
计算机科学基础	专业或业务能力
webrtc/ffmpeg也	专业或业务能力
AI编码压缩和码控优化经验	动手能力
实时视频通讯系统的产品经验	动手能力
中大型互联网公司后台研发项目经验	动手能力
计算机技术基础	专业或业务能力
优秀的逻辑分析能力	分析能力
强烈的求知欲	工程职业道德
极强的学习能力	自学能力
探索能力	分析能力
技术迁移能力	实干与执行能力
领悟能力	分析能力
良好的沟通能力	人际交往能力
团队协作能力	团队协作能力
勇于接受挑战	实干与执行能力
一个或多个分布式技术领域	专业或业务能力
分布式一致性协议、单机引擎、事务的	专业或业务能力
分布式数据库、或数据库的开发经验	动手能力
大规模分布式系统设计架构经验	动手能力
活跃贡献者	动手能力
C/C++编程	专业或业务能力
常用的算法和数据结构	专业或业务能力
网络编程，多线程编程技术	专业或业务能力
丰富的后台研发项目经验	动手能力
存储设备、文件系统、Linux操作系统原理	专业或业务能力
学习能力强	自学能力
良好的沟通能力	人际交往能力
团队合作能力	团队协作能力
解决问题的能力	问题解决能力
分布式系统理论	专业或业务能力
大规模分布式系统设计架构经验	动手能力
NoSQL存储引擎开发经验	动手能力
大规模分布式系统经验	动手能力
快速学习	自学能力
活跃贡献者	动手能力
UVM验证方法学	专业或业务能力
模块级、系统级验证经验	动手能力
掌握SystemVerilog,C语言	专业或业务能力
芯片开发流程	专业或业务能力
各个关键交付节点的验证活动	计算机与互联网应用能力
DDR、PCIe等关键IP	专业或业务能力
相关验证经验	动手能力
formal验证或硬件加速器	专业或业务能力
相关验证经验	动手能力
设计模式，数据结构和算法	专业或业务能力
C++使用经验	动手能力
使用C#	专业或业务能力
VR应用或游戏玩法开发经验	动手能力
主流AR/VR设备开发经验	动手能力
Un	动手能力
VR游戏开发经验	动手能力
移动平台（Android	专业或业务能力
优秀的沟通协作	团队协作能力
学习能力	自学能力
团队合作精神	团队协作能力
自我驱动力	时间管理能力
热爱	工程职业道德
游戏服务器开发经验	动手能力
TCP/IP协议	专业或业务能力
进程间通讯编程	专业或业务能力
Unix/Linux下常用架构设计方法	专业或业务能力
Unix/Linux操作系统原理	专业或业务能力
使用Shell工具	计算机与互联网应用能力
分布式服务器设计	专业或业务能力
大规模高性能服务器开发；	专业或业务能力
面向对象编程及常见设计模式	专业或业务能力
Redis/MySQL/MangoDB等业内主流存储方案	专业或业务能力
设计合理的微服务架构	专业或业务能力
多种技术栈	专业或业务能力
理解云原生	专业或业务能力
云原生经验	动手能力
Web技术	专业或业务能力
OpenAP	专业或业务能力
优秀的沟通协作	团队协作能力
学习能力	自学能力
团队合作精神	团队协作能力
自我驱动力	时间管理能力
热爱	工程职业道德
BMC固件开发经验	动手能力
嵌入式软件开发有兴趣	工程职业道德
IPMI协议	专业或业务能力
常用总线接口	专业或业务能力
BMC开发流程	专业或业务能力
BMC固件开发经验	动手能力
良好的抗压	情绪管理能力
团队合作能力	团队协作能力
相关工作经验	动手能力
linux后台开发	专业或业务能力
掌握一门脚本语言	专业或业务能力
相关经验	动手能力
抗压能力强	情绪管理能力
沟通好	人际交往能力
协助能力强	组织与协调能力
无源/有源网络光器件行业经验	动手能力
充满热情和好奇心	工程职业道德
自驱力强	时间管理能力
喜欢挑战性的工作	工程职业道德
体系	专业或业务能力
项目管理方法	专业或业务能力
优秀的项目控制、组织和协调的能力	领导力
跨团队工作能力	团队协作能力
出色的文档撰写能力	书面表达能力
良好的沟通	人际交往能力
交流能力	人际交往能力
抗压能力	情绪管理能力
较强的执行力	实干与执行能力
饱满的工作激情，积极主动	工程职业道德
java语言使用经验	动手能力
java的使用和原理	专业或业务能力
SpringCloud等微服务架构体系	专业或业务能力
SQL语言	专业或业务能力
MySQL的使用经验	动手能力
分库分表的相关问题有较好的理解	专业或业务能力
较强	分析能力
需求理解与分析能力	分析能力
UML、设计模式、重构、DDD等软件工程方法论	专业或业务能力
应用经验	动手能力
应用经验	动手能力
较强的沟通能力	人际交往能力
良好的团队协作精神	团队协作能力
C/C++	专业或业务能力
扎实的数据结构和算法基础	专业或业务能力
常用设计模式	专业或业务能力
D数学和计算机图形学基础知识	专业或业务能力
掌握3D游戏引擎框架	专业或业务能力
渲染、动画、物理、AI等核心模块的实现	专业或业务能力
3D引擎性能分析和优化经验	动手能力
3D	动手能力
核心模块开发和优化经验	动手能力
移动端GPU/CPU架构	专业或业务能力
主导过核心模块的开发经验	动手能力
熟悉游戏技术趋势和最新技术应用	信息收集能力
善于沟通	人际交往能力
相关工作经验	动手能力
大容量网络服务相关经验	动手能力
责任感强	工程职业道德
逻辑思维能力	分析能力
沟通能力强	人际交往能力
承担工作压力	情绪管理能力
掌握Golang语言	专业或业务能力
LINUX/UNIX开发环境	计算机与互联网应用能力
网络开发和问题定位	专业或业务能力
数据库运维经验	动手能力
无线互联网服务及应用开发	专业或业务能力
客户端应用开发经验	动手能力
C++/Kotlin/Swift/Objectiv	专业或业务能力
iOS/Android/Windows/macOS平台特性	专业或业务能力
各种系统运行机制有过深度挖掘	动手能力
性能优化相关经验	动手能力
常见的性能优化问题	专业或业务能力
解决方案	问题解决能力
LLVM编译器和工具链相关	专业或业务能力
前端技术有热情	工程职业道德
web前端开发工作3年	动手能力
精通Vue、React其中一种前端框架	专业或业务能力
主导前端的技术方案设计的能力和经验	动手能力
前端性能优化方案	专业或业务能力
网络安全知识	专业或业务能力
良好的分析	分析能力
解决问题的能力	问题解决能力
较强的责任心和主动性	工程职业道德
良好的团队协作能力	团队协作能力
抗压能力强	情绪管理能力
工作经验	动手能力
Linux开发环境	计算机与互联网应用能力
C/C++编程语言	专业或业务能力
掌握常用算法和数据结构	专业或业务能力
掌握至少一门脚本语言	专业或业务能力
推荐系统相关算法了解	专业或业务能力
扎实数学/算法功底	专业或业务能力
机器学习、概率统计等算法	专业或业务能力
丰富的架构设计经验	动手能力
根据业务情况设计合理的整体架构方案	实干与执行能力
较好的沟通能力	人际交往能力
团队协作能力	团队协作能力
抗压能力	情绪管理能力
扎实的代码能力和算法功底	专业或业务能力
表达能力	口头表达能力
优秀的问题分析	分析能力
解决能力	问题解决能力
良好的沟通	人际交往能力
学习能力	自学能力
机器学习、自然语言处理、数据挖掘中一项或多项	专业或业务能力
使用TensorFlow/PyTorch等至少一种机器学习框架	计算机与互联网应用能力
实际项目应用经验	动手能力
复杂场景下的实际问题进行抽象建模并设计解决方案	实干与执行能力
理解机器学习算法和模型	专业或业务能力
优秀的模型优化、新模型设计能力	专业或业务能力
多年超大规模深度模型优化经验	动手能力
工作经验	动手能力
Linux开发环境	计算机与互联网应用能力
C/C++编程语言	专业或业务能力
掌握常用算法和数据结构	专业或业务能力
搜索/广告/推荐方向业务开发经验	动手能力
掌握至少一门脚本语言（shell/python等）	专业或业务能力
深度学习相关框架如tensorflow、	专业或业务能力
底层框架优化且开源经验	动手能力
扎实数学/算法功底	专业或业务能力
linux后台开发经验	动手能力
Linux环境和系统编程	专业或业务能力
C++/Go/Java	专业或业务能力
TCP/IP协议相关知识	专业或业务能力
网络编程经验	动手能力
Mysql应用技术	计算机与互联网应用能力
快速学习能力	自学能力
爱好技术	工程职业道德
工作经验	动手能力
较强的技术能力	专业或业务能力
对前沿问题进行研究	问题解决能力
提供技术落地方案	实干与执行能力
使用经验	动手能力
互联网行业的应用有深刻的理解	专业或业务能力
b端业务技术应用背景	动手能力
热爱技术	工程职业道德
良好的团队合作精神	团队协作能力
较强的沟通能力	人际交往能力
挑战性问题充满激情	工程职业道德
安全团队管理经验	动手能力
带领团队快速突破提升	领导力
虚拟现实或游戏开发经验	动手能力
VR经验	动手能力
开发Unity3D引擎	专业或业务能力
至少一种主流VRSDK	专业或业务能力
VR相关硬件设备	专业或业务能力
游戏UI开发	专业或业务能力
较为深入的理解	专业或业务能力
一定的游戏性能优化经验	动手能力
逻辑思维	分析能力
独立解决技术问题的能力	问题解决能力
较强学习能力	自学能力
具有浓厚兴趣	工程职业道德
关注了解行业应用现状和技术发展现状	信息收集能力
相关经验	动手能力
漏洞原理	专业或业务能力
漏洞挖掘、渗透测试相关经验	动手能力
准确判断安全风险	问题解决能力
企业数据整体风险与其治理方案	专业或业务能力
C++及游戏客户端研发经验	动手能力
使用过UE进行大项目开发	动手能力
开放世界项目经验	动手能力
游戏研发技术有系统的了解与关注	信息收集能力
引擎开发实践经验	动手能力
关键技术原理	专业或业务能力
实际的二次开发和维护经验	动手能力
某一技术领域有丰富经验	动手能力
良好的解决问题能力	问题解决能力
出色的学习	自学能力
研究应用能力	计算机与互联网应用能力
良好的沟通协作能力	团队协作能力
机器学习算法	专业或业务能力
算法优化能力	专业或业务能力
良好的工程素养	专业或业务能力
推荐系统、广告系统经验	动手能力
短视频推荐业务经验	动手能力
较好的沟通能力	人际交往能力
团队协作能力	团队协作能力
积极主动	工程职业道德
工作经验	动手能力
相关工作经验	动手能力
TCP网络协议	专业或业务能力
监控相关组件应用	计算机与互联网应用能力
强烈的工作责任心	工程职业道德
较好的沟通能力	人际交往能力
良好的团队合作精神	团队协作能力
独立完成工作	实干与执行能力
较强的综合分析问题	分析能力
解决问题的能力	问题解决能力
管理过千台以上的机器	动手能力
运维	动手能力
监控系统构建研发经验	动手能力
解决方案构建	专业或业务能力
实施交付相关经验	动手能力
攻防对抗相关知识	专业或业务能力
互联网架构安全建设	专业或业务能力
国家级重大安全演练攻防经验	动手能力
前瞻性的网络安全产品技术视角	信息收集能力
项目协调	组织与协调能力
完成大量需要横向推动的项目工作	组织与协调能力
相关工作经验	动手能力
TCP网络协议	专业或业务能力
监控相关组件应用	计算机与互联网应用能力
强烈的工作责任心	工程职业道德
较好的沟通能力	人际交往能力
良好的团队合作精神	团队协作能力
独立完成工作	实干与执行能力
较强的综合分析问题	分析能力
解决问题的能力	问题解决能力
管理过千台以上的机器	动手能力
运维	动手能力
监控系统构建研发经验	动手能力
Linux操作系统的管理使用	计算机与互联网应用能力
Linux内核	专业或业务能力
相关实践	动手能力
Linux性能分析和故障诊断有	专业或业务能力
使用Linux底层工具链	计算机与互联网应用能力
某一CPU体系结构	专业或业务能力
底层性能调优	专业或业务能力
协议栈以及协议	专业或业务能力
丰富内核故障调试经验	动手能力
virtio	专业或业务能力
linuxvirtio驱动项目经验	动手能力
内核补丁社区	动手能力
虚拟化社区提交经验	动手能力
工作经验	动手能力
精通Linux操作系统	专业或业务能力
shell编程	专业或业务能力
TCP/IP、HTTP等协议	专业或业务能力
Python/GO/PHP等	专业或业务能力
运维自动化工具平台建设经验	动手能力
容器、k8s或其他云平台运维经验	动手能力
ETCD、Promethus等技术	专业或业务能力
AWS/GoogleCloud/阿里等云厂商容器服务	专业或业务能力
腾讯云技术认证	专业或业务能力
微服务、Mesh、Serverless、DevOps等云原生技术	专业或业务能力
强烈的owner意识	工程职业道德
责任心	工程职业道德
执行力	实干与执行能力
腾讯云从业资格证	专业或业务能力
相关经验	动手能力
云计算经验	动手能力
上云经验	动手能力
操作经验	动手能力
成本优化相关的运营经验	动手能力
成本意识	专业或业务能力
良好的分析	分析能力
解决问题能力	问题解决能力
游戏开发经验	动手能力
引擎开发经验	动手能力
动作、物理、特效、AI等引擎模块	专业或业务能力
C/C++	专业或业务能力
扎实的数学、数据结构和算法基础	专业或业务能力
常用设计模式	专业或业务能力
性能和内存优化	专业或业务能力
PC/移动端平台的游戏开发	专业或业务能力
优秀的学习能力	自学能力
善于沟通	人际交往能力
热爱游戏事业	工程职业道德
C/C++或JAVA开发	专业或业务能力
排查实际问题	问题解决能力
Mysql，Redis，MQ等常见开源组件	专业或业务能力
适用场景	计算机与互联网应用能力
owner意识	工程职业道德
主动推进项目进展	实干与执行能力
团队协作意识	团队协作能力
良好的沟通能力	人际交往能力
有过B端平台产品策划经历	动手能力
ITSM流程熟悉	专业或业务能力
产品设计	专业或业务能力
使用Axure和其他的产品原型工具	计算机与互联网应用能力
良好的沟通协作能力	团队协作能力
不断变化的情况	组织与协调能力
责任心强，工作主动	工程职业道德
提出有创造力和建设性的想法	创新能力
较强的学习能力	自学能力
洞察力	信息收集能力
C/C++	专业或业务能力
扎实的数据结构和算法基础	专业或业务能力
常用设计模式	专业或业务能力
3D引擎	动手能力
渲染相关开发和优化经验	动手能力
计算机图形学知识	专业或业务能力
掌握3D图形渲染技术	专业或业务能力
任意一种图形API	专业或业务能力
掌握3D游戏引擎架构	专业或业务能力
3D引擎的接口和游戏制作流程	专业或业务能力
移动端GPU/CPU架构	专业或业务能力
移动端渲染开发经验	动手能力
善于沟通	人际交往能力
游戏前沿技术应用抱有热情	工程职业道德
unity3d的手游开发经验	动手能力
c#，c++，Lua	专业或业务能力
Unity3D引擎	专业或业务能力
DOTS技术栈或者ECS的使用经验	动手能力
了解底层原理	专业或业务能力
网络游戏常用的同步方案和优化方案	专业或业务能力
相关的工作经验	动手能力
逻辑思维	分析能力
独立解决技术问题的能力	问题解决能力
完整上线游戏产品开发经验	动手能力
续的学习能力	自学能力
自驱力强	时间管理能力
良好的对内、对外沟通协调能力	组织与协调能力
团队合作精神	团队协作能力
承受一定的工作压力	情绪管理能力
游戏开发充满热情	工程职业道德
相关经验	动手能力
良好的学习能力和编程习惯	自学能力
linux系统下	专业或业务能力
c/c++或java开发	专业或业务能力
计算机基础知识	专业或业务能力
良好的分析	分析能力
解决问题能力	问题解决能力
良好的沟通协作意识	团队协作能力
承受一定的工作压力	情绪管理能力
主流云服务等使用经验	动手能力
工作经验	动手能力
算法理论基础	专业或业务能力
扎实的图论算法基础	专业或业务能力
因果推断或者迁移学习的常用算法	专业或业务能力
良好的工程能力	专业或业务能力
掌握一门编程语言	专业或业务能力
常用的数据结构和算法	专业或业务能力
分布式平台处理经验	动手能力
业务理解能力和数据分析能力	分析能力
良好的逻辑思维	分析能力
沟通能力	人际交往能力
React或Vue等开发框架	专业或业务能力
node开发经验	动手能力
小程序开发经验	动手能力
Web标准有良好认识	专业或业务能力
高保真还原设计稿	专业或业务能力
良好的编程思想和编码习惯	专业或业务能力
很强的学习能力	自学能力
强烈的责任心和进取心	工程职业道德
乐于学习和技术分享	自学能力
抗压能力强	情绪管理能力
腾讯云从业资格证	专业或业务能力
扎实的计算机和软件技术基础	专业或业务能力
扎实的测试设计能力	专业或业务能力
单测/接口测试/性能分析等手段	专业或业务能力
高效发现系统问题	问题解决能力
软件开发经验	动手能力
掌握	专业或业务能力
c++/java/go/python/object-c	专业或业务能力
发现问题的灵敏嗅觉	问题解决能力
个性化问题抽象成通用解决方案	实干与执行能力
积极推动关联团队协同配合	组织与协调能力
实践及推动经验	动手能力
热爱学习	工程职业道德
自我持续优化的驱动力	工程职业道德
工作经验	动手能力
后台测试，专项测试、测试开发等经验	动手能力
实践经验	动手能力
掌握C/C++/Java	专业或业务能力
丰富实践经历	动手能力
自动化测试、专项测试或白盒测试工具和平台建设	动手能力
CICD及研发效能提升相关工作	动手能力
良好的团队合作精神	团队协作能力
协调沟通	组织与协调能力
较高的问题推动解决能力	问题解决能力
工作抗压能力	情绪管理能力
富有激情，责任心强，做事客观公正。	工程职业道德
OC/C++开发经验	动手能力
stl等标准	专业或业务能力
音视频相关开发经验	动手能力
编程基本功扎	专业或业务能力
面向对象程序设计	专业或业务能力
常见的设计模式	专业或业务能力
主动学习思考	自学能力
责任心强，对技术有强烈兴趣	工程职业道德
思路严谨	分析能力
良好的分析解决问题能力	问题解决能力
独立承担任务	实干与执行能力
协作能力	团队协作能力
抗压能力	情绪管理能力
强烈的主人翁意识推进项目进展	工程职业道德
腾讯云从业资格证	专业或业务能力
安卓开发经验	动手能力
计算机基础扎实	专业或业务能力
主流框架及原理	专业或业务能力
安卓UI框架、线程、进程特性	专业或业务能力
安卓性能指标、监控工具及调优方法	计算机与互联网应用能力
TCP/IP、UDP、HTTP等网络协议及特性	专业或业务能力
相关的开发经验	动手能力
良好的分析解决问题能力	问题解决能力
良好的学习和分享习惯	自学能力
工作积极主动，责任心强	工程职业道德
跨平台开发经验	动手能力
腾讯云从业资格证	专业或业务能力
网络技术	专业或业务能力
各类网络传输协议	专业或业务能力
实时音视频会议的全链路模块	专业或业务能力
问题原因	问题解决能力
问题分析解决能力	问题解决能力
认真负责	工程职业道德
及时响应客户问题工单	问题解决能力
问题排查自动化工具开发经验	问题解决能力
前端开发经验	动手能力
Python/Go/Java/C++	专业或业务能力
学习和运用新知识	自学能力
良好的分析	分析能力
解决问题能力	问题解决能力
hadoop、flink、es、clickhouse等大数据技术和存储系统	专业或业务能力
服务器入侵检测、事件溯源、日志分析、大数据威胁检测	专业或业务能力
安全相关从业经验	动手能力
安全产品的工作原理及相关	专业或业务能力
NTA、SOC或者安全管理平台的开发经验	动手能力
私有化后台架构研发和架构经验	动手能力
Linux平台下的C/C++/Go	专业或业务能力
实际工程经验	动手能力
网络编程，掌握常用的通信协议	专业或业务能力
后台的常用中间件原理	专业或业务能力
应用	计算机与互联网应用能力
K8S,SeviceMesh微服务架构、消息推送等技术	专业或业务能力
游戏客户端开发经验	动手能力
扎实的数据结构、算法、多线程编程、网络基础	专业或业务能力
优秀的学习能力	自学能力
攻坚能力	实干与执行能力
善于沟通	人际交往能力
良好的团队开发意识	团队协作能力
热爱游戏事业	工程职业道德
MOBA玩法开发经验	动手能力
游戏客户端开发经验	动手能力
常用的算法、数据结构、设计模式	专业或业务能力
计算机图形学基础知识	专业或业务能力
编写高质量、高效率的代码	专业或业务能力
如何定位性能瓶颈、内存泄露等问题	问题解决能力
两年及以上测试工作经验	动手能力
最新的技术手段来保障和改进产品质量	专业或业务能力
很好的理解	专业或业务能力
应用	计算机与互联网应用能力
独立承担过大型项目测试负责人	动手能力
把控产品质量	领导力
功能测试方法和设计	专业或业务能力
分层测试，CICD等测试建设手段	专业或业务能力
良好的沟通能力	人际交往能力
团队协作能力	团队协作能力
游戏客户端研发经验	动手能力
参与过一款3D游戏项目	动手能力
游戏研发技术领域有系统的了解和关注	信息收集能力
良好的分析解决问题能力	问题解决能力
责任心强	工程职业道德
较高的自我管理	时间管理能力
任务跟进推动能力	时间管理能力
应用的能力	计算机与互联网应用能力
良好的团队协作能力	团队协作能力
善于沟通	人际交往能力
敬业专注	工程职业道德
Unity手游开发经验	动手能力
使用Unity的3D手游上线项目	动手能力
掌握C++或C#	专业或业务能力
移动平台（iOS,Android）相关技术	专业或业务能力
Lua开发经验	动手能力
良好的编程功底	专业或业务能力
数据结构、算法功底	专业或业务能力
良好的分析解决问题能力	问题解决能力
沟通协作能力	团队协作能力
学习能力	自学能力
自我要求严格	工程职业道德
学习能力强	自学能力
良好的沟通能力	人际交往能力
团队合作精神	团队协作能力
承受一定的工作压力	情绪管理能力
游戏开发充满热情	工程职业道德
数据经历	动手能力
精通SQL，掌握Hadoop，Spark	专业或业务能力
使用Kafka，Elasticsearch，Clickhouse等相关平台和组件	计算机与互联网应用能力
大规模异构数据治理经验	动手能力
区块链数据结构	专业或业务能力
使用区块链浏览器、Dune等链上数据分析工具	计算机与互联网应用能力
区块链技术有浓厚兴趣	工程职业道德
区块链技术的本质	专业或业务能力
Linux服务器端开发经验	动手能力
计算机理论基础	专业或业务能力
常用的数据结构和算法	专业或业务能力
主流共识算法	专业或业务能力
PoW/PoS/DPoS/PBFT/Paxos和Raft	专业或业务能力
分布式存储、点对点网络、智能合约、密码算法	专业或业务能力
区块链	专业或业务能力
Ethereum、Cosmos等区块链框架	专业或业务能力
底层开发经验	动手能力
学习能力强	自学能力
良好的沟通	人际交往能力
表达能力	口头表达能力
工作积极主动	工程职业道德
前端研发工作经验	动手能力
掌握Vue、React等类库	专业或业务能力
理解Web标准	专业或业务能力
实践经验	动手能力
掌握HTTP/HTTPS协议	专业或业务能力
Web相关技术有浓厚兴趣	工程职业道德
较好的学习能力	自学能力
强烈的进取心	工程职业道德
区块链原理	专业或业务能力
区块链相关项目经验	动手能力
数据从业经历	动手能力
数据模型和算法	专业或业务能力
掌握SQL/HQL	专业或业务能力
区块链常见数据指标	专业或业务能力
Dune、Nansen、Glassnode	专业或业务能力
测试工作经验	动手能力
Unix/Linux工作环境	计算机与互联网应用能力
掌握一门常用脚本语言	专业或业务能力
掌握常用数据库操作	专业或业务能力
mysql实践经验	动手能力
强烈的责任感	工程职业道德
良好的沟通	人际交往能力
表达能力	口头表达能力
优秀的抗压能力	情绪管理能力
性能测试经验	动手能力
使用某种性能测试工具	计算机与互联网应用能力
自动化测试实践经验	动手能力
自动化测试工具	计算机与互联网应用能力
开源测试工具	专业或业务能力
互联网软件工作经验	动手能力
金融或支付方面测试经验	动手能力
质量体系构建改进或相关咨询工作经验	动手能力
质量管理与项目管理理论	专业或业务能力
独立思考	分析能力
较强的数据分析能力	分析能力
快速定位问题、输出解决方案并推动解决	问题解决能力
较好的逻辑思考能力	分析能力
良好的沟通协调整合能力	人际交往能力
团队合作精神	团队协作能力
Web开发经验	动手能力
使用JavaScript框架如React或Vue	计算机与互联网应用能力
扎实的数据结构和算法基础	专业或业务能力
良好的分析解决问题能力	问题解决能力
良好的学习和分享习惯	自学能力
工作积极主动，责任心强	工程职业道德
webrtc开发经验	动手能力
移动端开发经验	动手能力
腾讯云从业资格证	专业或业务能力
C++开发经验	动手能力
stl等标准库	专业或业务能力
Windows	动手能力
NodeJS，Python等技术积累	动手能力
编程基本功扎实	专业或业务能力
主动学习思考	自学能力
责任心强，对技术有强烈兴趣	工程职业道德
思路严谨	分析能力
良好的分析解决问题能力	问题解决能力
独立承担任务	实干与执行能力
腾讯云从业资格证	专业或业务能力
HTML/CSS/JavaScript相关技术	专业或业务能力
良好的JS功底	专业或业务能力
主流开发框	专业或业务能力
使用经验	动手能力
框架实现原理	专业或业务能力
大型项目开发	动手能力
丰富的开发经验	动手能力
Grunt、Gulp、Webpack其中	计算机与互联网应用能力
前端工程化经验	动手能力
Node.js	专业或业务能力
公共库或工具链建设经验	动手能力
Web前端技术有强烈兴趣	工程职业道德
对Web前沿技术研究和新技术调研	分析能力
良好的学习能力	自学能力
团队合作精神	团队协作能力
产品理解力	分析能力
较强的团队协作	团队协作能力
沟通能力	人际交往能力
思维活跃	分析能力
学习能力	自学能力
责任心强	工程职业道德
iOS或Mac开发经验	动手能力
精通Objective-C，熟悉Swift。	专业或业务能力
扎实的数据结构和算法基础	专业或业务能力
计算机基础	专业或业务能力
Git等工具开发	专业或业务能力
良好的分析解决问题能力	问题解决能力
良好的学习和分享习惯	自学能力
工作积极主动，责任心强	工程职业道德
跨平台或音视频开发经验	动手能力
腾讯云从业资格证	专业或业务能力
游戏开发经验	动手能力
主导核心模块的开发经验	动手能力
C++、Lua语言基础	专业或业务能力
UnrealEngine引擎的接口与游戏制作流程	专业或业务能力
优化经验	动手能力
与他人良好配合、协作	团队协作能力
长期深入的开发经验	动手能力
完整	动手能力
参与或完整设计过技能架构及全套解决方案	动手能力
完整设计过FPS游戏武器框架	动手能力
C/C++项目经验	动手能力
算法和数学基础	专业或业务能力
常用PCG算法	专业或业务能力
游戏制作工具开发经验	动手能力
技术研究应用能力	计算机与互联网应用能力
良好的问题分析	分析能力
解决能力	问题解决能力
较高的团队协作	团队协作能力
需求跟进能力	时间管理能力
善于沟通	人际交往能力
使命必达；	实干与执行能力
Unity游戏开发经验	动手能力
IOS，Android系统	专业或业务能力
沟通能力	人际交往能力
良好的分析解决问题能力	问题解决能力
学习能力	自学能力
自我要求严格	工程职业道德
团队合作精神	团队协作能力
浓厚的激情	工程职业道德
热爱编程	工程职业道德
Server架构设计、开发以及性能调优能力	专业或业务能力
Unix、Linux下C\C++\golang开发经验	动手能力
一定的理解	专业或业务能力
开发经验	动手能力
Unix、Linux操作系统原理	专业或业务能力
常用工具	计算机与互联网应用能力
TCP/IP等网络协议、进程间通讯编程	专业或业务能力
Unix/Linux下常用架构设计方法	专业或业务能力
Mysql等数据库	专业或业务能力
NoSQL存储	专业或业务能力
常用的数据结构与算法	专业或业务能力
良好的分析解决问题能力	问题解决能力
责任心强	工程职业道德
良好的对外沟通	组织与协调能力
团队协作能力	团队协作能力
独立承担任务	实干与执行能力
系统进度把控能力	时间管理能力
承受一定工作压力	情绪管理能力
大容量通信系统开发经验	动手能力
异地容灾部署的相关经验	动手能力
相关经验	动手能力
前端开发工作经验	动手能力
团队管理经验	动手能力
常见数据结构、算法和设计模式	专业或业务能力
团队精神	团队协作能力
良好的沟通能力	人际交往能力
文档编辑器或低代码平台开发经验	动手能力
计算机专业基础知识	专业或业务能力
工作经验	动手能力
C/C++、python编程快速开发的能力	专业或业务能力
LINUX开发、网络编程	专业或业务能力
后台开发相关经验	动手能力
实际使用	动手能力
服务部署相关经验	动手能力
ToB业务研发	专业或业务能力
良好的学习能力	自学能力
沟通能力	人际交往能力
团队协作能力	团队协作能力
分析问题解决问题能力	问题解决能力
责任心强	工程职业道德
互联网产品维护工作经验	动手能力
分布式集群服务器运维经验	动手能力
Linux系统管理	专业或业务能力
使用Bash、Python等脚本语言编程	专业或业务能力
常用组件（	专业或业务能力
系统运维架构优化	动手能力
实施经验	动手能力
Ansible自动化运维经验	动手能力
良好的抗压能力	情绪管理能力
沟通能力	人际交往能力
学习能力	自学能力
问题分析	分析能力
解决能力	问题解决能力
及时响应用户的需求	实干与执行能力
反作弊，反垃圾或业务安全相关经验	动手能力
熟悉行业	专业或业务能力
数据分析能力	分析能力
自我驱动力	时间管理能力
linux开发环境	计算机与互联网应用能力
掌握C++，SQL	专业或业务能力
python，scala等	专业或业务能力
机器学习及数据挖掘相关算法	专业或业务能力
spark，hadoop等大数据平台	专业或业务能力
Android项目开发经验	动手能力
java基础	专业或业务能力
Android平台下的内存优化、资源优化、性能调优经验	动手能力
扎实的数据结构和算法基础	专业或业务能力
常用设计模式	专业或业务能力
多线程、网络编程	专业或业务能力
参与过商业化SDK项目	动手能力
熟悉JNI、C++等开发经验	动手能力
工作认真负责	工程职业道德
较强的团队意识	团队协作能力
良好的表达	口头表达能力
沟通能力	人际交往能力
良好的数据结构和算法基础	专业或业务能力
开发工作经验	动手能力
数据分析工作经验	动手能力
ToB产品类相关工作经验	动手能力
精通SQL	专业或业务能力
SQL性能优化经验	动手能力
MYSQL/PostgreSQL/HIVE等开源数据库	专业或业务能力
Hadoop/Spark平台经验	动手能力
Python、R等脚本语言	专业或业务能力
常规模型落地经验	动手能力
数据挖掘和建模的经验	动手能力
数据敏感度	分析能力
分析能力	分析能力
沟通能力	人际交往能力
较强的学习能力	自学能力
承担一定的工作压力	情绪管理能力
Linux后台开发经验	动手能力
TCP/IP协议相关知识	专业或业务能力
DB操作	计算机与互联网应用能力
快速学习	自学能力
强烈的上进心和责任感	工程职业道德
良好的逻辑思维	分析能力
语言表达	口头表达能力
沟通力	人际交往能力
团队协作精神	团队协作能力
腾讯云从业资格证	专业或业务能力
网络安全和web安全相关技术与原理	专业或业务能力
黑灰产检测对抗等方面经验	动手能力
较强的逻辑思维及数据分析能力	分析能力
python或其他脚本语言的开发	专业或业务能力
复杂项目的管理推动相关工作经验	动手能力
自驱力强	时间管理能力
HTML、CSS、JavaScript语言	专业或业务能力
WebGL/Threejs项目开发经验	动手能力
使用Vue/React/Angular其中一种框架	计算机与互联网应用能力
认真负责，积极主动	工程职业道德
良好沟通表达能力	人际交往能力
协作精神	团队协作能力
一年以上算法工程经验	动手能力
Python/C++/Java	专业或业务能力
良好的工程能力	专业或业务能力
数据挖掘、数据分析	专业或业务能力
机器学习基本算法的使用	计算机与互联网应用能力
大数据处理经验	动手能力
spark等大数据处理框架	专业或业务能力
HTML、CSS、JavaScript语言以及ES6规范	专业或业务能力
使用Vue/React/Angular其中一种框架	计算机与互联网应用能力
前端基础和编程能力	专业或业务能力
认真负责，积极主动	工程职业道德
视频编解码底层算法及标准	专业或业务能力
PC/移动端汇编优化经验	动手能力
CPU+GPU异构开发经验	动手能力
ffmpeg，x264，x265	专业或业务能力
开源	计算机与互联网应用能力
MediaCodec、videotoolbox有	专业或业务能力
沟通交流能力强	人际交往能力
工作积极主动	工程职业道德
良好的团队协作能力	团队协作能力
Linux后台开发经验	动手能力
TCP/IP协议相关知识	专业或业务能力
DB操作	计算机与互联网应用能力
快速学习	自学能力
强烈的上进心和责任感	工程职业道德
良好的逻辑思维	分析能力
语言表达	口头表达能力
沟通力	人际交往能力
团队协作精神	团队协作能力
腾讯云从业资格证	专业或业务能力
视频编解码底层算法及标准	专业或业务能力
PC/移动端汇编优化经验	动手能力
CPU+GPU异构开发经验	动手能力
ffmpeg，x264，x265	专业或业务能力
开源	计算机与互联网应用能力
MediaCodec、videotoolbox有	专业或业务能力
沟通交流能力强	人际交往能力
工作积极主动	工程职业道德
良好的团队协作能力	团队协作能力
React或Vue等开发框架	专业或业务能力
node开发经验	动手能力
小程序开发经验	动手能力
Web标准	专业或业务能力
高保真还原设计稿	专业或业务能力
良好的编程思想和编码习惯	专业或业务能力
很强的学习能力	自学能力
技术敏感度	分析能力
强烈的责任心和进取心	工程职业道德
乐于学习和技术分享	自学能力
抗压能力强	情绪管理能力
腾讯云从业资格证	专业或业务能力
Linux后台开发经验	动手能力
TCP/IP协议相关知识	专业或业务能力
DB操作	计算机与互联网应用能力
快速学习	自学能力
强烈的上进心和责任感	工程职业道德
良好的逻辑思维	分析能力
语言表达	口头表达能力
沟通力	人际交往能力
团队协作精神	团队协作能力
腾讯云从业资格证	专业或业务能力
Linux后台开发经验	动手能力
TCP/IP协议相关知识	专业或业务能力
DB操作	计算机与互联网应用能力
快速学习	自学能力
强烈的上进心和责任感	工程职业道德
良好的逻辑思维	分析能力
语言表达	口头表达能力
沟通力	人际交往能力
团队协作精神	团队协作能力
腾讯云从业资格证	专业或业务能力
系统测试、后台测试或测试开发经验	动手能力
软件测试流程和规范	专业或业务能力
Python、golang、Shell、Web/JS	专业或业务能力
主流自动化及性能测试的工具和方法	计算机与互联网应用能力
扎实的测试分析设计能力	专业或业务能力
较强的逻辑分析	分析能力
学习能力	自学能力
良好的沟通能力	人际交往能力
团队合作精神	团队协作能力
做事客观公正	工程职业道德
相关测试经验	动手能力
研发或运维开发工作经验	动手能力
开源项目	动手能力
网络和系统、数据库相关技术	专业或业务能力
问题分析能力	分析能力
相关技术的使用	计算机与互联网应用能力
良好沟通能力	人际交往能力
服务意识	工程职业道德
独立解决项目的问题	问题解决能力
总结	分析能力
编写文档	书面表达能力
较强的学习能力	自学能力
高度的责任心	工程职业道德
良好的沟通技巧	人际交往能力
团队合作精神	团队协作能力
良好的逻辑思维能力	分析能力
数据分析解决业务问题的能力	问题解决能力
运用各种常用算法和数据结构	计算机与互联网应用能力
Linux开发环境	计算机与互联网应用能力
系统编程、数据结构、算法基础、系统设计能力	专业或业务能力
数据分析、数据治理、数仓建设、机器学习、自然语言处理、深度学习	专业或业务能力
一种或者多种软件开发语言	专业或业务能力
系统软件或者平台软件开发经验	动手能力
操作系统架构设计和核心组件	专业或业务能力
主导系统软件设计和核心组件开发	专业或业务能力
悉Linux系统	专业或业务能力
操作系统软件开发经验	动手能力
开源代码开发经验	动手能力
开源linux社区经验	动手能力
CentOS，Suse，fedora等	专业或业务能力
较强的分析能力	分析能力
快速定位问题和解决问题	问题解决能力
敏捷开发	专业或业务能力
文档编写能力	书面表达能力
相关工作经验	动手能力
了解互联网发展趋势	信息收集能力
供应链管理知识	专业或业务能力
服务器运营基础知识	专业或业务能力
敏感的成本意识	专业或业务能力
较强的数据分析能力	分析能力
IT信息、网络等工作经验	动手能力
公有云的各种业务场景与模型	专业或业务能力
理解公有云的业务需求	专业或业务能力
NFV、虚拟化、分布式计算技术	专业或业务能力
实施经验	动手能力
网络安全相关技术	专业或业务能力
数据中心网络	专业或业务能力
良好的沟通能力	人际交往能力
良好的书面	书面表达能力
口头表达能力	口头表达能力
挑战精神和前瞻性	工程职业道德
良好的团队协作精神	团队协作能力
芯片/FPGA设计经验	动手能力
Verilog、systemveilog语言	专业或业务能力
OVL/Assertion语言	专业或业务能力
tcl/perl/shell/python脚本	专业或业务能力
前端网表交付经验	动手能力
PCIe,DDR,MAC等高速接口	专业或业务能力
丰富的PCIE虚拟化和高速DMA设计经验	动手能力
高速网络大容量查找算法	专业或业务能力
ARM/RISC-V等CPU体系结构	专业或业务能力
沟通能力强	人际交往能力
良好的团队协作精神	团队协作能力
有创新和挑战精神	创新能力
5年以上工作经验	动手能力
在互联网行业的应用	计算机与互联网应用能力
并行计算开发经验	动手能力
常用的算法和数据结构知识	专业或业务能力
自然语言处理	专业或业务能力
互联网产品架构、数据架构、研发等综合经验	动手能力
团队管理经验	动手能力
良好的产品架构和数据架构和算法基础	专业或业务能力
各种设计模式	专业或业务能力
业界主流架构理念	专业或业务能力
2B产品的架构设计方法	专业或业务能力
Java等编程经验	动手能力
数据管理经验	动手能力
金融类系统研发经验	动手能力
大型	动手能力
很强的分析	分析能力
解决问题的能力	问题解决能力
高度的逻辑思维能力	分析能力
抽象设计能力	分析能力
善于思考	分析能力
善于沟通	人际交往能力
责任心强	工程职业道德
良好的团队合作精神	团队协作能力
承受压力的能力	情绪管理能力
扎实的计算机基础	专业或业务能力
Linux基础系统运维	专业或业务能力
Bash、python编程	专业或业务能力
Docker和Kubernetes的使用	计算机与互联网应用能力
Golang/C++/Java/python	专业或业务能力
抗压能力强	情绪管理能力
责任心强	工程职业道德
良好的对外沟通	组织与协调能力
团队协作能力	团队协作能力
主动，好学	自学能力
tob从业经验	动手能力
后台开发经验	动手能力
良好的思维逻辑	分析能力
linux系统编程&网络编程	专业或业务能力
c/c++/golang中一种或几种	专业或业务能力
c++	专业或业务能力
Mysql或其他大型数据库	专业或业务能力
性能调优经验	动手能力
独立完成一个系统/模块设计开发	专业或业务能力
大型系统、分布式系统设计&开发经验	动手能力
良好的学习能力	自学能力
沟通表达能力	人际交往能力
强烈的责任心、主动性	工程职业道德
执行力	实干与执行能力
工作有owner意识	工程职业道德
自我驱动成长	时间管理能力
腾讯云技术认证	专业或业务能力
相关工作经验	动手能力
较强的算法基础和编码能力	专业或业务能力
Python、SQL、Java、Scala	专业或业务能力
常见的特征处理方法和机器学习算法	专业或业务能力
使用各类常见的机器学习算法库	计算机与互联网应用能力
常见业务流程	专业或业务能力
相关建模经验	动手能力
善于沟通	人际交往能力
工作积极主动，责任心强	工程职业道德
良好的团队协作能力	团队协作能力
的据仓库建设、数据治理经验	动手能力
SQL、Python、Scala、Java	专业或业务能力
hadoop、hive、spark等大数据基础技术	专业或业务能力
spark应用开发经验	动手能力
细心、积极、主动	工程职业道德
精益求精的精神	团队协作能力
良好的沟通协调能力	组织与协调能力
数据质量监控研发经验	动手能力
TroubleShooting经验	动手能力
互联网工作经验	动手能力
编程基础	专业或业务能力
扎实的数学、数据结构和算法基础	专业或业务能力
常用设计模式	专业或业务能力
海量数据处理和并行计算开发经验	动手能力
Spark、Flink、HBase、Iceberg等技术	专业或业务能力
独立解决问题的能力	问题解决能力
良好的团队合作意识	团队协作能力
沟通能力	人际交往能力
机器学习特征处理、模型训练流程	专业或业务能力
常用机器学习算法	专业或业务能力
大型搜索／推荐／广告算法架构设计经验	动手能力
工作经验	动手能力
大数据加工建模、数据挖掘经验	动手能力
基本机器学习框架	专业或业务能力
相关机器学习项目落地经验	动手能力
Python、R	专业或业务能力
熟悉团伙挖掘，图计算	专业或业务能力
相关开发经验	动手能力
Go/C++/Python/Java	专业或业务能力
docker和Kubernetes	专业或业务能力
k8s二次开发经验	动手能力
沟通能力强	人际交往能力
系统架构	专业或业务能力
大规模容器集群研发和运营	专业或业务能力
指导业务容器化云原生化经验	动手能力
Android系统架构及相关技术	专业或业务能力
Framework层源码原理	专业或业务能力
性能调优经验	动手能力
常见性能优化方向	专业或业务能力
表达能力	口头表达能力
团队协作能力	团队协作能力
产品细节有追求	工程职业道德
优秀的自学能力	自学能力
富有激情	工程职业道德
不畏困难，自我驱动	工程职业道德
前端开发工作经验	动手能力
带团队经历	动手能力
JavaScript、HTML、CSS等原生前端基础技术	专业或业务能力
配套社区项目(Redux/Vuex)	计算机与互联网应用能力
堂握Webpack等构建工具的使用和配置	计算机与互联网应用能力
不同浏览器平台的特性	专业或业务能力
解决兼容问题	问题解决能力
良好的UI交互实现能力	专业或业务能力
强烈的技术进取心	工程职业道德
良好的沟通能力	人际交往能力
合作精神	团队协作能力
优秀的问题分析	分析能力
解决能力	问题解决能力
互联网业务实际开发经验	动手能力
面向对象技术，设计模式	专业或业务能力
常用的分布式处理框架与组件	专业或业务能力
分布式消息队列	专业或业务能力
mysql、Redis或Memcached；	专业或业务能力
Linux/Unix平台开发	专业或业务能力
网络编程	专业或业务能力
高并发服务开发经验	动手能力
kubernetes开发或使用经验	动手能力
多媒体开发经验	动手能力
Linux开发环境	计算机与互联网应用能力
扎实的数据结构和算法功底	专业或业务能力
较强的逻辑思维能力	分析能力
快速分析定位问题能力	问题解决能力
TCP/IP网络协议相关知识	专业或业务能力
掌握C++；	专业或业务能力
沟通能力良好	人际交往能力
承担工作压力	情绪管理能力
海量数据处理	专业或业务能力
软件测试或开发经验	动手能力
主流测试框架和工具	计算机与互联网应用能力
Linux、Tcp/Ip、HTTP网络协议相关知识	专业或业务能力
C/C++、java、python、shell其中一到两种开发语	专业或业务能力
沟通推动能力	人际交往能力
项目管理与风险把控能力	领导力
开发经验	动手能力
性能调优经验	动手能力
相关应用、运维经验	动手能力
Linux、docker、K8S运维	计算机与互联网应用能力
对系统的常见问题进行分析、解决	问题解决能力
MySQL、Redis、ES、Nginx等常用服务的部署、运维和高可用配置	计算机与互联网应用能力
Python/Shell等	专业或业务能力
运维自动化、监控平台开发能力	专业或业务能力
自动化、监控工具的部署和使用	计算机与互联网应用能力
表达能力	口头表达能力
技术文档编写能力	书面表达能力
自主思考	分析能力
自驱动性	时间管理能力
对于新技术保持兴趣	工程职业道德
使用运维经验	动手能力
Kubernetes系统运维经验	动手能力
golang、c++、Python、nodejs编	专业或业务能力
后台微服务开发	专业或业务能力
一定的架构能力	专业或业务能力
TCP/IP协议、HTTP协议等网络协议	专业或业务能力
linux操作系统	专业或业务能力
MYSQL、Redis或其他大型数据库	专业或业务能力
快速根据需求完成高性能数据	实干与执行能力
良好的分析解决问题能力	问题解决能力
独立承担任务	实干与执行能力
有系统进度把控能力	时间管理能力
iOS项目开发经验	动手能力
常用Framework	专业或业务能力
操作系统原理	专业或业务能力
与过商业化SDK项目	动手能力
认真负责	工程职业道德
较强的团队意识	团队协作能力
良好的表达	口头表达能力
沟通能力	人际交往能力
计算机基础扎实	专业或业务能力
了解TCP/IP协议	专业或业务能力
C#/lua语言	专业或业务能力
Unity客	专业或业务能力
Unity开发经验	动手能力
大型游戏客户端开发经验	动手能力
良好的分析解决问题能力	问题解决能力
独立承担任务	实干与执行能力
系统进度把控能力	时间管理能力
责任心强	工程职业道德
良好的对外沟通	组织与协调能力
团队协作能力	团队协作能力
主动，好学	自学能力
后台开发经验	动手能力
python或go等编程语言	专业或业务能力
数据结构,操作系统,网络等计算机基础知识	专业或业务能力
http/https协议	专业或业务能力
grpc,mysql等经验	动手能力
解决问题能力	问题解决能力
责任心强	工程职业道德
良好的沟通	人际交往能力
协作能力	团队协作能力
掌握Python	专业或业务能力
掌握Go，理解grpc	专业或业务能力
云原生架构	专业或业务能力
微服务架构经验	动手能力
逻辑思维能力	分析能力
问题分析解决能力	问题解决能力
沟通表达清晰	人际交往能力
责任心强	工程职业道德
学习动力	自学能力
自我持续提升的内驱力	工程职业道德
Linux/Unix后台开发工作经验	动手能力
go语言相关逻辑和深层优化方面的经验	动手能力
Unix/Linux操作系统原理	专业或业务能力
常用工具	计算机与互联网应用能力
开源社区贡献经验	动手能力
Mysql及no-sql数据库原理	专业或业务能力
多进程多线程编程	专业或业务能力
Unix/Linux下常用架构设计方法	专业或业务能力
大容量后台服务系统设计经验	动手能力
沟通	人际交往能力
团队协作	团队协作能力
分析解决问题能力	问题解决能力
责任感强	工程职业道德
相关工作经验	动手能力
移动端产品的开发经验	动手能力
前端技术的项目实践经验	动手能力
TCP/HTTP的基本原理	专业或业务能力
Linux操作系统	专业或业务能力
NodeJS生态	专业或业务能力
NodeJS的开发经验	动手能力
mysql等关系型数据库及redis	专业或业务能力
一定开发经验	动手能力
强烈的上进心和责任感	工程职业道德
较强推动力	时间管理能力
沟通表达	人际交往能力
良好的团队合作精神	团队协作能力
Linux后台开发经验	动手能力
TCP/IP协议相关知识	专业或业务能力
DB操作	计算机与互联网应用能力
快速学习	自学能力
强烈的上进心和责任感	工程职业道德
良好的逻辑思维	分析能力
语言表达	口头表达能力
沟通力	人际交往能力
团队协作精神	团队协作能力
腾讯云从业资格证	专业或业务能力
数据库相关开发经验	动手能力
掌握数据结构和算法	专业或业务能力
分布式系统的架构和算法	专业或业务能力
良好的编程能力	专业或业务能力
掌握Rust语言	专业或业务能力
分布式数据库开发经验	动手能力
主流时序数据库、OLAP数据库	专业或业务能力
架构原理	专业或业务能力
二次开发经验	动手能力
相关工作经验	动手能力
C++编程功底	专业或业务能力
数据结构、算法功底	专业或业务能力
常用设计模式、多线程、网络、界面开发	专业或业务能力
机器学习有经验	动手能力
unity或unreal引擎	专业或业务能力
编写高质量、高效率代码	专业或业务能力
优秀的沟通协作能力	团队协作能力
3年以上游戏测试经验	动手能力
良好的合作意识	团队协作能力
规划能力	分析能力
应用	计算机与互联网应用能力
移动互联网相关经验	动手能力
主流操作系统原理	专业或业务能力
专项测试经验	动手能力
一门开发或者脚本语言	专业或业务能力
内容理解	专业或业务能力
掌握NLP基础理论和算法	专业或业务能力
使用深度学习平台	计算机与互联网应用能力
深度学习模型有深刻理解	专业或业务能力
相关实践经验	动手能力
linux开发环境	计算机与互联网应用能力
Python、Go、Scala等	专业或业务能力
较强的分析解决问题能力	问题解决能力
独立承担开发任务	实干与执行能力
系统进度把控能力	时间管理能力
善于沟通	人际交往能力
工作积极主动，责任心强	工程职业道德
良好的团队协作能力	团队协作能力
Windows开发经验	动手能力
计算机基础扎实	专业或业务能力
主流UI框架(QT)	专业或业务能力
C++语言	专业或业务能力
代码管理工具git；	计算机与互联网应用能力
扎实的数据结构和算法基础	专业或业务能力
良好的分析解决问题能力	问题解决能力
良好的学习和分享习惯	自学能力
工作积极主动，责任心强	工程职业道德
跨平台开发经验	动手能力
音视频开发经验	动手能力
腾讯云从业资格证	专业或业务能力
Windows开发经验	动手能力
计算机基础扎实	专业或业务能力
主流UI框架(QT)	专业或业务能力
C++语言	专业或业务能力
代码管理工具git；	计算机与互联网应用能力
扎实的数据结构和算法基础	专业或业务能力
良好的分析解决问题能力	问题解决能力
良好的学习和分享习惯	自学能力
工作积极主动，责任心强	工程职业道德
跨平台开发经验	动手能力
音视频开发经验	动手能力
腾讯云从业资格证	专业或业务能力
C++开发经验	动手能力
stl等标准库	专业或业务能力
音视频相关开发经验	动手能力
Windows，Mac，iOS，Android开发经验	动手能力
编程基本功扎实	专业或业务能力
面向对象程序设计	专业或业务能力
常见的设计模式	专业或业务能力
主动学习思考	自学能力
责任心强	工程职业道德
对技术有强烈兴趣	工程职业道德
思路严谨	分析能力
良好的分析解决问题能力	问题解决能力
独立承担任务	实干与执行能力
协作能力	团队协作能力
抗压能力	情绪管理能力
强烈的主人翁意识推进项目进展	工程职业道德
腾讯云从业资格证	专业或业务能力
C++开发经验	动手能力
stl等标准库	专业或业务能力
Windows	动手能力
NodeJS，Python等技术积累	动手能力
编程基本功扎实	专业或业务能力
主动学习思考	自学能力
责任心强，对技术有强烈兴趣	工程职业道德
思路严谨	分析能力
良好的分析解决问题能力	问题解决能力
独立承担任务	实干与执行能力
腾讯云从业资格证	专业或业务能力
扎实的计算机学科基础	专业或业务能力
常见算法和数据结构	专业或业务能力
Android开发经验	动手能力
Android性能指标、监控工具及调优方法	专业或业务能力
Android架构以及主流框架及原理	专业或业务能力
TCP/IP、UDP、HTTP等网络协议及特性	专业或业务能力
相关的开发经验	动手能力
掌握java/C++语言	专业或业务能力
代码管理工具git	计算机与互联网应用能力
良好的分析解决问题能力	问题解决能力
良好的学习和分享习惯	自学能力
工作积极主动，责任心强	工程职业道德
腾讯云从业资格证	专业或业务能力
交换机或服务器产品BSP相关开发经验	动手能力
好的沟通	人际交往能力
协调能力	组织与协调能力
拥有项目管理经验	动手能力
交换机或服务器硬件架构	专业或业务能力
BMC、BIOS	专业或业务能力
SONiC系统架构	专业或业务能力
开源社区贡献经验	动手能力
交换机或服务器产品BSP相关开发经验	动手能力
好的沟通	人际交往能力
协调能力	组织与协调能力
拥有项目管理经验	动手能力
交换机或服务器硬件架构	专业或业务能力
BMC、BIOS	专业或业务能力
SONiC系统架构	专业或业务能力
开源社区贡献经验	动手能力
OC/C++开发经验	动手能力
stl等标准	专业或业务能力
音视频相关开发经验	动手能力
编程基本功扎	专业或业务能力
面向对象程序设计	专业或业务能力
常见的设计模式	专业或业务能力
主动学习思考	自学能力
责任心强，对技术有强烈兴趣	工程职业道德
思路严谨	分析能力
良好的分析解决问题能力	问题解决能力
独立承担任务	实干与执行能力
协作能力	团队协作能力
抗压能力	情绪管理能力
强烈的主人翁意识推进项目进展	工程职业道德
腾讯云从业资格证	专业或业务能力
后台开发工作经验	动手能力
团队管理经验	动手能力
腾讯技术栈体系	专业或业务能力
云原生及分布式存储系统相关原理	专业或业务能力
高并发、高可靠的海量服务实战经验	动手能力
团队精神	团队协作能力
良好的沟通能力	人际交往能力
项目管理能力	领导力
结合业务当前的问题和痛点制定合理的技术实现路径	实干与执行能力
带领团队达成目标	领导力
主导过大型复杂技术型项目	动手能力
工作经验	动手能力
大规模数据处理能力	专业或业务能力
使用SQL等相关数据提取工具和R、Python等相关分析工具	计算机与互联网应用能力
扎实的数理统计知识	专业或业务能力
A/BTesting实验理论和	专业或业务能力
常用的机器学习和深度学习算法	专业或业务能力
推荐系统	专业或业务能力
后台开发工作经验	动手能力
后台策略安全相关经验	动手能力
Unix/Linux操作系统	专业或业务能力
TCP/IP协议	专业或业务能力
golang/C++编程	专业或业务能力
mysql、es、redis、mongodb等常用存储系统	专业或业务能力
MySQL等数据库的使用以及SQL调优;	专业或业务能力
统计分析方法、机器学习/深度学习、数据挖掘	专业或业务能力
很强的数据敏感度	分析能力
自我驱动力	时间管理能力
较强的分析解决问题能力	问题解决能力
独立承担开发任务	实干与执行能力
系统进度把控能力	时间管理能力
善于沟通	人际交往能力
工作积极主动，责任心强	工程职业道德
良好的团队协作能力	团队协作能力
后台策略经验	动手能力
ClickHouse、presto、impala	专业或业务能力
Hadoop、Spark、Flink等主流平台框架	专业或业务能力
应用进行大数据研发	计算机与互联网应用能力
数据仓库、数据建模、数据工程	专业或业务能力
应用技能	计算机与互联网应用能力
计算机基本数据结构和算法	专业或业务能力
熟练使用	计算机与互联网应用能力
海量数据处理能力	专业或业务能力
常用的数据分析方法及应用技能	专业或业务能力
常用的算法模型知识	专业或业务能力
优秀的沟通	人际交往能力
学习能力	自学能力
逻辑能力	分析能力
问题分析处理能力	问题解决能力
互联网工作经验	动手能力
机器学习项目经验	动手能力
Linux后台开发经验	动手能力
C++或Golang	专业或业务能力
TCP/IP协议等相关网络基础知识	专业或业务能力
网络编程	专业或业务能力
多线程和协程开发	专业或业务能力
数据库原理	专业或业务能力
掌握一种以上数据库使用	计算机与互联网应用能力
Docker、Elasticsearch、K8S、gRPC	专业或业务能力
相关开发和运维管理经验	动手能力
良好的分析	分析能力
解决问题的能力	问题解决能力
独立承担任务	实干与执行能力
有系统进度把控能力	时间管理能力
责任心强	工程职业道德
良好的对外沟通	组织与协调能力
团队协作能力	团队协作能力
java开发经验	动手能力
java编程基础	专业或业务能力
SpringCloud、orm、grpc等框架	专业或业务能力
主流中间件及数据库产品	专业或业务能力
高可用架构及其原理	专业或业务能力
良好的问题排查和调优经验	问题解决能力
面向对象编程，设计模式	专业或业务能力
高可用、高性能、高并发、可扩展系统的设计经验	动手能力
良好的问题排查和调优经验	问题解决能力
自我驱动	工程职业道德
不断学习	自学能力
良好的学习	自学能力
表达能力	口头表达能力
逻辑思维能力	分析能力
好的沟通能力	人际交往能力
团队协作精神	团队协作能力
游戏核心玩法开发经验	动手能力
图形、动画技术开发经验	动手能力
Unity或UE4的图形渲染管道及开发	专业或业务能力
图形学算法	专业或业务能力
前沿图形学技术及其在游戏中的应用	专业或业务能力
CPU/GPU架构及相关开发技术	专业或业务能力
善于沟通	人际交往能力
C/C++	专业或业务能力
扎实的数学、数据结构和算法基础	专业或业务能力
常用设计模式	专业或业务能力
性能和内存优化	专业或业务能力
PC／移动端平台的游戏开发	专业或业务能力
游戏开发经验	动手能力
图形术开发经验	动手能力
Unity或UE4的图形渲染管道及开发	专业或业务能力
图形学算法	专业或业务能力
前沿图形学技术及其在游戏中的应用	专业或业务能力
CPU/GPU架构及相关开发技术	专业或业务能力
C/C++	专业或业务能力
扎实的数学、数据结构和算法基础	专业或业务能力
常用设计模式	专业或业务能力
PC／移动端平台的游戏开发	专业或业务能力
善于沟通	人际交往能力
优秀的学习能力	自学能力
善于沟通	人际交往能力
热爱游戏事业	工程职业道德
UE4引擎底层开发经验	动手能力
使用C++和蓝图	计算机与互联网应用能力
团队协作能力	团队协作能力
较强的责任心	工程职业道德
善于沟通	人际交往能力
前端技术有高度热情	工程职业道德
Web前端框架有深入了解	专业或业务能力
实践经验	动手能力
NodeJS开发有一定的实践	动手能力
Electron项目经验	动手能力
良好的沟通能力	人际交往能力
团队合作精神	团队协作能力
互联网项目测试经验	动手能力
带团队经验	动手能力
良好的代码基础	专业或业务能力
Python/Go/Java其中一种	专业或业务能力
性能测试，接口测试，安全测试，稳定性测试	专业或业务能力
较强的问题定位和推动能力	问题解决能力
协调各	组织与协调能力
敏捷开发以及CI/CD	专业或业务能力
热爱学习	工程职业道德
自我持续优化的驱动力	工程职业道德
docker、K8s、cloudnative、微服务	专业或业务能力
实践	动手能力
计算机基础扎实	专业或业务能力
了解TCP/IP协议	专业或业务能力
操作系统	专业或业务能力
Java/kotlin语言和安卓应用开发	专业或业务能力
安卓开发经验	动手能力
大型App经验	动手能力
跨平台开发经验	动手能力
良好的分析解决问题能力	问题解决能力
独立承担任务	实干与执行能力
系统进度把控能力	时间管理能力
良好的对外沟通	组织与协调能力
团队协作能力	团队协作能力
主动，好学	自学能力
互联网工作经历	动手能力
掌握python/java/C++/Scala	专业或业务能力
掌握spark/hadoop等常用大数据处理框架	专业或业务能力
机器学习基础	专业或业务能力
熟练应用常用的机器学习模型解决实际的业务问题	实干与执行能力
项目实践经验	动手能力
逻辑思维能力	分析能力
数据分析能力	分析能力
分析和解决问题	问题解决能力
工作经历	动手能力
Android开发工作经验	动手能力
Android开发平台及主流框架原理	专业或业务能力
Android	计算机与互联网应用能力
多线程编程	专业或业务能力
TCP/IP、UDP、HTTP等网络协议及特性	专业或业务能力
相关的开发经验	动手能力
java/kotlin语言	专业或业务能力
代码版本管理工具操作	计算机与互联网应用能力
良好的团队合作精神	团队协作能力
良好的分析解决问题能力	问题解决能力
良好的学习和分享习惯	自学能力
工作积极主动，责任心强	工程职业道德
游戏直播平台开发经验	动手能力
游戏开发经验	动手能力
游戏引擎开发经验	动手能力
各种光照模型和图形学算法	专业或业务能力
关注图形学前沿技术	信息收集能力
图形学在游戏中应用	计算机与互联网应用能力
UE4引擎渲染PBR管线及相关工具	专业或业务能力
Shader编程和材质编辑器	专业或业务能力
数学和算法基础	专业或业务能力
GPU调试/调优工具	计算机与互联网应用能力
多人对抗等游戏类型经验	动手能力
计算机基础扎实	专业或业务能力
了解TCP/IP协议	专业或业务能力
操作系统	专业或业务能力
OC/C++语言和iOS应用开发	专业或业务能力
iOS开发经验	动手能力
Swift开发经验	动手能力
良好的分析解决问题能力	问题解决能力
独立承担任务	实干与执行能力
系统进度把控能力	时间管理能力
良好的对外沟通	组织与协调能力
团队协作能力	团队协作能力
主动，好学	自学能力
点播/直播/连麦混流系统架构经验	动手能力
主导过大型分布式系统设计	动手能力
Go/java/C++/Python语言	专业或业务能力
h264/h265视频编码技术	专业或业务能力
RTMP/UDP/TCP/WebRtc/Flv/Hls等音视频流媒体技术	专业或业务能力
良好的逻辑思维能力	分析能力
数据分析能力	分析能力
分析和解决问题	问题解决能力
良好的沟通能力	人际交往能力
团队协作能力	团队协作能力
抗压能力	情绪管理能力
充满责任感和创新意识	工程职业道德
C/C++/Go/Java程序设计和开发	专业或业务能力
相关程序开发设计经验	动手能力
Unix/Linux网络编程	专业或业务能力
tcp/http以及后台服务器程序开发调试	专业或业务能力
关系型数据库和常见非关系数据库	专业或业务能力
良好的业务沟通能力	人际交往能力
分析解决问题的能力	问题解决能力
团队合作意识	团队协作能力
乐于分享	团队协作能力
网络安全运营工作经验	动手能力
至少一门脚本语言	专业或业务能力
基本的网络安全知识	专业或业务能力
TCP/IP等网络协议	专业或业务能力
信息安全	专业或业务能力
工作原理	专业或业务能力
流量分析技术原理	专业或业务能力
网络或终端安全事件分析能力	分析能力
安全事件溯源经验	动手能力
客户现场沟通能力	人际交往能力
梳理客户安全问题	分析能力
提出相关处罝建议	问题解决能力
掌握一门开发语言	专业或业务能力
算法与数据结构知识扎实	专业或业务能力
文件系统、存储系统以及大型分布式系统原理	专业或业务能力
paxos，raft，ceph等开发经验	动手能力
大数据开发相关开发工作经验	动手能力
掌握hadoop/spark/hive/flink等常见离线和实时大数据平台架构	专业或业务能力
计算机体系结构	专业或业务能力
X86/ARM处理器	专业或业务能力
ARM开发经验	动手能力
CPU指令或硬件加速调优经验	动手能力
良好的学习	自学能力
团队协作能力	团队协作能力
技术有激情，爱挑战	工程职业道德
Web开发经验	动手能力
使用JavaScript框架如React或Vue	计算机与互联网应用能力
扎实的数据结构和算法基础	专业或业务能力
良好的分析解决问题能力	问题解决能力
良好的学习和分享习惯	自学能力
工作积极主动，责任心强	工程职业道德
webrtc开发经验	动手能力
移动端开发经验	动手能力
腾讯云从业资格证	专业或业务能力
软件开发经验	动手能力
系统分析、架构设计经验	动手能力
企业服务SaaS平台和系统架构	专业或业务能力
SaaS应用架构或开发经验	动手能力
成功的大型SaaS产品落地经验	动手能力
至少一种Go常用框架	专业或业务能力
Mysql和No-SQL数据库原理	专业或业务能力
开源系统	专业或业务能力
掌握微服务架构体系	专业或业务能力
相关实践经验	动手能力
数据质量治理和数据分层管理经验	动手能力
沟通交流能力	人际交往能力
较强的独立解决问题	问题解决能力
自主学习的能力	自学能力
带领小团队	领导力
敢于自我挑战	工程职业道德
游戏服务器研发工作经验	动手能力
团队管理经验	动手能力
lua、golang开发经验	动手能力
常用数据库Mongodb、MySQL、redis、ES的设计、开发和优化	专业或业务能力
tcp/udp等协议相关知识	专业或业务能力
网络编程	专业或业务能力
海量、高性能、分布式、云原生、微服务开发有经验	动手能力
良好的沟通能力	人际交往能力
团队协作能力	团队协作能力
自驱力强	时间管理能力
抗压能力强	情绪管理能力
游戏客户端开发经验	动手能力
深度参与过一款游戏项目	动手能力
掌握数据结构、算法	专业或业务能力
解决能力	问题解决能力
深入解决疑难技术问题	问题解决能力
较高的团队协作	团队协作能力
任务跟进能力	时间管理能力
善于沟通	人际交往能力
使命必达；	实干与执行能力
游戏开发经验	动手能力
React、Vue、Jquery等主流JS框架开发经验	动手能力
PHP、GO等后台开发语言	专业或业务能力
Ajax、JavaScript、XML、DOM、DHTML	专业或业务能力
Web常见漏洞有一定的理解	专业或业务能力
相关实践	动手能力
较强的责任心和主动性	工程职业道德
良好的团队沟通协作能力	团队协作能力
抗压能力强	情绪管理能力
参与过一款3D游戏引擎的研发维护工作	动手能力
游戏研发相关技术有系统	专业或业务能力
保持学习和关注	信息收集能力
良好的分析解决问题能力	问题解决能力
责任心强	工程职业道德
较高的自我管理	时间管理能力
任务跟进推动能力	时间管理能力
算法和数学基础	专业或业务能力
Unity3D或UE4引擎实践经验	动手能力
关键技术实现原理	专业或业务能力
实际的二次开发维护经验	动手能力
色的学习	自学能力
技术研究应用能力	计算机与互联网应用能力
良好的团队协作能力	团队协作能力
善于沟通	人际交往能力
敬业专注	工程职业道德
性能和内存优化	专业或业务能力
通信行业实践相关经验	动手能力
云计算，或互联网数据中心架构运营	专业或业务能力
数据分析、统计建模	专业或业务能力
python等基础编程开发能力	专业或业务能力
业务有较强的逻辑分析能力	分析能力
跨团队工作能力	组织与协调能力
工作踏实、积极主动	工程职业道德
能够承受压力	情绪管理能力
严谨认真的工作态度	工程职业道德
良好的技术方向把控	领导力
安全工作经验	动手能力
比较突出的经验	动手能力
强烈的责任心	工程职业道德
学习意愿	自学能力
良好的沟通交流	人际交往能力
团队合作	团队协作能力
抗压能力	情绪管理能力
团队管理经验	动手能力
大规模分布式系统	专业或业务能力
主流虚拟化技术与开源组件架构	专业或业务能力
业内常用的监控解决方案	专业或业务能力
运维相关流程、工具、平台建设的能力	专业或业务能力
识别共性/重复性问题并转化为开发需求	问题解决能力
通用性的运维平台或服务的能力	专业或业务能力
DevOps实践经验	动手能力
集群高可用性和容灾方案	专业或业务能力
海量系统运维和调优项目经验	动手能力
较好的成本优化经验	动手能力
出具系统优化的整体解决方案	实干与执行能力
良好的开发经验	动手能力
实际的运维系统、自动化系统的建设经验	动手能力
技术热情	工程职业道德
关注运维技术发展方向	信息收集能力
良好的沟通	人际交往能力
协同能力	团队协作能力
golang相关技术	专业或业务能力
分析能力强	分析能力
python开发	专业或业务能力
编程基础扎实	专业或业务能力
网络、多线程、分布式编程及	专业或业务能力
Elasticsearch的使用及原理	专业或业务能力
相关项目开发经验	动手能力
分布式系统相关技术	专业或业务能力
MySQL及SQL优化	专业或业务能力
常用NoSQL存储	专业或业务能力
大数据分析技术、网络安全基本原理	专业或业务能力
威胁情报、安全策略、安全知识黑灰产业务安全	专业或业务能力
APT恶意家族	专业或业务能力
研发相关从业经验	动手能力
安全产品的工作原理及相关能	专业或业务能力
数据从业经历	动手能力
精通SQL	专业或业务能力
设计数据模型和数据仓库的经验	动手能力
完成过数据分析或数据风控项目	动手能力
Web	专业或业务能力
提出问题的能力	问题解决能力
web3行业	专业或业务能力
激情	工程职业道德
学习能力强	自学能力
良好的沟通	人际交往能力
表达能力	口头表达能力
工作积极主动	工程职业道德
分布式爬虫开发	专业或业务能力
HTTP协议分析和js逆向能力	专业或业务能力
消息中间件	专业或业务能力
自动化接口的开发能力	专业或业务能力
Web3和智能合约	专业或业务能力
各类链上风控对抗原理	专业或业务能力
开发经验	动手能力
智能合约或区块链相关项目开发经验	动手能力
掌握EVM原理以及Solidity智能合约语言和开发库	专业或业务能力
相关项目经验	动手能力
各种数据结构和算法	专业或业务能力
加密算法	专业或业务能力
智能合约的编写/编译/测试/部署	专业或业务能力
常见的智能合约漏洞以及规避措施	专业或业务能力
Node.js等开发语言	专业或业务能力
良好的沟通	人际交往能力
表达能力	口头表达能力
团队协作精神	团队协作能力
执行力	实干与执行能力
以太坊NFT、DeFi项目开发经验	动手能力
linux服务器端软件开发经验	动手能力
C/C++、GO、JAVA	专业或业务能力
大型、分布式数据架构设计经验	动手能力
高并发下数据一致性处理	专业或业务能力
分布式系统开发设计经验	动手能力
银行等金融业务系统的架构	专业或业务能力
业务有一定的经验	动手能力
沟通	人际交往能力
总结	分析能力
思路周密	分析能力
具有创新精神	创新能力
对技术有强烈兴趣	工程职业道德
供应链或基础设施成本分析经验	动手能力
互联网或IT行业成本分析管理经验	动手能力
良好的分析	分析能力
解决问题能力	问题解决能力
出色的沟通	人际交往能力
组织和协调能力	组织与协调能力
丰富的跨团队合作经验	团队协作能力
工作踏实、积极主动	工程职业道德
能够承受压力	情绪管理能力
Linux开发经验	动手能力
计算机基础扎实	专业或业务能力
主流UI框架(QT	专业或业务能力
X11、wayland系统	专业或业务能力
linux下性能、crash分析工具	计算机与互联网应用能力
C++语言	专业或业务能力
代码管理工具git；	计算机与互联网应用能力
扎实的数据结构和算法基础	专业或业务能力
良好的分析解决问题能力	问题解决能力
良好的学习和分享习惯	自学能力
工作积极主动，责任心强	工程职业道德
跨平台开发经验	动手能力
音视频开发经验	动手能力
腾讯云从业资格证	专业或业务能力
Linux开发经验	动手能力
计算机基础扎实	专业或业务能力
主流UI框架(QT	专业或业务能力
X11、wayland系统	专业或业务能力
linux下性能、crash分析工具	计算机与互联网应用能力
C++语言	专业或业务能力
代码管理工具git；	计算机与互联网应用能力
扎实的数据结构和算法基础	专业或业务能力
良好的分析解决问题能力	问题解决能力
良好的学习和分享习惯	自学能力
工作积极主动，责任心强	工程职业道德
跨平台开发经验	动手能力
音视频开发经验	动手能力
腾讯云从业资格证	专业或业务能力
三年以上开发经验	动手能力
C++/C	专业或业务能力
linux开发环境	计算机与互联网应用能力
网络开发经验	动手能力
大规模分布式架构开发	专业或业务能力
网络同步	专业或业务能力
Java语言基础	专业或业务能力
掌握Android界面开发	专业或业务能力
客户端开发技术	专业或业务能力
Android系统底层原理	专业或业务能力
数据结构/算法基础	专业或业务能力
音视频开发经验	动手能力
代码阅读能力	专业或业务能力
高效、合理、易读	专业或业务能力
很强的新知识学习能力	自学能力
错误调试排错能力	问题解决能力
Flutter等跨平台框架开发经验	动手能力
较强的团队精神	团队协作能力
良好的表达	口头表达能力
沟通能力	人际交往能力
工作认真负责	工程职业道德
iOS系统运行机制及内核原理	专业或业务能力
精通OC，精通C/C++；	专业或业务能力
系统API能力	专业或业务能力
常用的第三方库	专业或业务能力
客户端程序设计模式	专业或业务能力
扎实的数据结构/算法基础	专业或业务能力
音视频经验	动手能力
掌握UDP/TCP/IP、HTTP等网络协议	专业或业务能力
协议设计	专业或业务能力
良好的分析解决问题能力	问题解决能力
独立承担任务	实干与执行能力
有系统进度把控能力	时间管理能力
Flutter等跨平台框架开发经验	动手能力
认真负责，尽职尽责	工程职业道德
沟通协作意识好	团队协作能力
开发经验	动手能力
Java、Go	专业或业务能力
大型项目开发经验	动手能力
通信、多线程、高并发处理、内存管理等技术	专业或业务能力
分布式业务系统的设计与开发	专业或业务能力
SpringCloud、Dubbo等主流框架开发经验	动手能力
分布式缓存、消息中间件、RPC框架、负载均衡、安全防御	专业或业务能力
MySql、LevelDB、MongoDB等数据库	专业或业务能力
优秀的数据建模能力	专业或业务能力
区块链原理	专业或业务能力
参与	动手能力
相关开源项目	动手能力
良好的团队协作精神	团队协作能力
执行力	实干与执行能力
较强	分析能力
解决问题能力	问题解决能力
微服务框架	专业或业务能力
相关项目实施经验	动手能力
相关工作经验	动手能力
运用HTML5、CSS3、ES6构建高性能的Web应用程序	计算机与互联网应用能力
移动端Web开发或Hybrid开发模式	专业或业务能力
web标准和兼容性	专业或业务能力
可用性相关	专业或业务能力
实践经验	动手能力
良好的代码风格、接口设计与程序架构	专业或业务能力
思路清晰	分析能力
良好的沟通能力	人际交往能力
团队协作精神	团队协作能力
iOS系统运行机制及内核原理	专业或业务能力
精通OC，精通C/C++；	专业或业务能力
系统API能力	专业或业务能力
常用的第三方库	专业或业务能力
客户端程序设计模式	专业或业务能力
扎实的数据结构/算法基础	专业或业务能力
音视频经验	动手能力
掌握UDP/TCP/IP、HTTP等网络协议	专业或业务能力
协议设计	专业或业务能力
良好的分析解决问题能力	问题解决能力
独立承担任务	实干与执行能力
有系统进度把控能力	时间管理能力
Flutter等跨平台框架开发经验	动手能力
认真负责，尽职尽责	工程职业道德
沟通协作意识好	团队协作能力
互联网工作经验	动手能力
机器学习，数据挖掘常用方法及流程	专业或业务能力
相关项目经验	动手能力
NLP或图像处理的经验	动手能力
海量数据处理和并行计算开发经验	动手能力
Hadoop、Storm、Spark等技术	专业或业务能力
机器学习平台	计算机与互联网应用能力
将新的技术引入业务	计算机与互联网应用能力
很强的学习能力	自学能力
良好的沟通合作精神	团队协作能力
相关工作经验	动手能力
后台开发语言	专业或业务能力
良好代码规范	专业或业务能力
linux/unix系统与开发环境	计算机与互联网应用能力
TCP/IP协议，socket编程	专业或业务能力
Mysql及no-sql数据库原理	专业或业务能力
大中型网站后台架构	专业或业务能力
大型系统的重构经验	动手能力
高可用系统实践经验	动手能力
责任感强	工程职业道德
较强的逻辑思维能力	分析能力
沟通能力	人际交往能力
抗压能力	情绪管理能力
互联网工作经验	动手能力
Golang/Java/C++至少一种语言的编码	专业或业务能力
相关项目经验	动手能力
相关机器学习平台	专业或业务能力
自动扩展ML系统和大数据系统项目经验	动手能力
海量数据处理和并行计算开发经验	动手能力
ES、Spark、Flink等技术	专业或业务能力
了解深度学习相关算法	专业或业务能力
实验流程关注效果数据	专业或业务能力
学习各种新技术	自学能力
将新的技术引入业务	计算机与互联网应用能力
不断尝试	工程职业道德
很强的学习能力	自学能力
良好的沟通能力	人际交往能力
团队合作精神	团队协作能力
相关工作经验	动手能力
后台开发语言	专业或业务能力
良好代码规范	专业或业务能力
linux/unix系统与开发环境	计算机与互联网应用能力
TCP/IP协议，socket编程	专业或业务能力
Mysql及no-sql数据库原理	专业或业务能力
大中型网站后台架构	专业或业务能力
大型系统的重构经验	动手能力
高可用系统实践经验	动手能力
责任感强	工程职业道德
较强的逻辑思维能力	分析能力
沟通能力	人际交往能力
抗压能力	情绪管理能力
相关工作经验	动手能力
运用HTML5、CSS3、ES6构建高性能的Web应用程序	计算机与互联网应用能力
移动端Web开发或Hybrid开发模式	专业或业务能力
web标准和兼容性	专业或业务能力
可用性相关	专业或业务能力
实践经验	动手能力
良好的代码风格、接口设计与程序架构	专业或业务能力
思路清晰	分析能力
良好的沟通能力	人际交往能力
团队协作精神	团队协作能力
编程基础	专业或业务能力
Linux下编程、TCP/IP协议	专业或业务能力
多线程多进程编程、rpc通信机制	专业或业务能力
数据结构、算法	专业或业务能力
良好的沟通能力	人际交往能力
学习能力	自学能力
分析解决问题能力	问题解决能力
高度的责任心	工程职业道德
团队合作精神	团队协作能力
参与过大型系统设计和编码	动手能力
云平台工作经验	动手能力
开源软件贡献	动手能力
Java语言基础	专业或业务能力
掌握Android界面开发	专业或业务能力
客户端开发技术	专业或业务能力
Android系统底层原理	专业或业务能力
数据结构/算法基础	专业或业务能力
音视频开发经验	动手能力
代码阅读能力	专业或业务能力
高效、合理、易读	专业或业务能力
很强的新知识学习能力	自学能力
错误调试排错能力	问题解决能力
Flutter等跨平台框架开发经验	动手能力
较强的团队精神	团队协作能力
良好的表达	口头表达能力
沟通能力	人际交往能力
工作认真负责	工程职业道德
Golang编程经验	动手能力
PHP或Java开发经验	动手能力
较强的逻辑分析	分析能力
解决问题能力	问题解决能力
DBA经验	动手能力
Mysql、Redis等常用数据库的使用	计算机与互联网应用能力
K8s，ES，gRPC等	专业或业务能力
Linux操作系统	专业或业务能力
githup有托管项目	动手能力
强烈责任感	工程职业道德
积极主动	工程职业道德
较强的沟通能力	人际交往能力
抗压能力	情绪管理能力
编程基础	专业或业务能力
游戏客户端开发经验	动手能力
UE4或者Unity引擎使用经验	动手能力
丰富的实践经验	动手能力
UGC开发经验	动手能力
优秀的学习能力	自学能力
善于沟通	人际交往能力
热爱游戏事业	工程职业道德
游戏客户端开发经验	动手能力
扎实的数据结构、算法、多线程编程、网络基础	专业或业务能力
优秀的学习能力	自学能力
攻坚能力	实干与执行能力
善于沟通	人际交往能力
良好的团队开发意识	团队协作能力
热爱游戏事业	工程职业道德
3DFPS/RPG/MOBA玩法开发经验	动手能力
Web前端开发经验	动手能力
HTML/CSS/JavaScript相关技术	专业或业务能力
解决问题能力	问题解决能力
责任心强	工程职业道德
良好的沟通	人际交往能力
协作能力	团队协作能力
系统测试或测试开发经验	动手能力
团队管理经验	动手能力
扎实的测试分析设计能力	专业或业务能力
主流自动化测试、性能测试的工具和方法	计算机与互联网应用能力
Python/Java/Go	专业或业务能力
相关测试工具平台建设者	动手能力
良好的判断	分析能力
优秀的沟通	人际交往能力
组织能力	组织与协调能力
跨专业技术团队管理能力	领导力
Linux游戏工作经验	动手能力
C/C++	专业或业务能力
MySQL/NoSQL开发、网络编程和常用数据结构	专业或业务能力
Linux操作系统原理和常用工具、TCP/IP原理	专业或业务能力
良好的沟通能力	人际交往能力
团队协作能力	团队协作能力
自驱力强	时间管理能力
抗压能力强	情绪管理能力
推动	时间管理能力
海量、高性能、分布式开发有经验	动手能力
相关工作经验	动手能力
PC端或移动端网页的实际开发经验	动手能力
前端工程化建设实践经验	动手能力
JavaScript面向对象编程方法	专业或业务能力
Web标准	专业或业务能力
HTML语义化	专业或业务能力
实际经验	动手能力
前端架构分析与设计能力	专业或业务能力
编写易读、易维护、高质量、高效率的代码	专业或业务能力
OOP开发方式	专业或业务能力
用户可用性	专业或业务能力
实践经验	动手能力
Web前端技术有强烈兴趣	工程职业道德
对Web前沿技术研究和新技术调研	分析能力
良好的学习能力	自学能力
团队合作精神	团队协作能力
CSS预编译语言	专业或业务能力
web构建工具Webpack	计算机与互联网应用能力
vue开发经验	动手能力
数据治理/数据标准项目管理相关工作经验	动手能力
数据治理项目经验	动手能力
互联网行业大数据分析或数据治理经验	动手能力
数据治理体系架构	专业或业务能力
SQL语言	专业或业务能力
大数据仓库理论	专业或业务能力
较强的工作责任心	工程职业道德
良好的沟通协调能力	组织与协调能力
团队合作精神	团队协作能力
积极主动的工作态度	工程职业道德
工作经验	动手能力
2B行业财务分析工作经验	动手能力
较强的数据敏感度	分析能力
夯实的成本知识基础	专业或业务能力
互联网工作经验	动手能力
精通Excel	专业或业务能力
系统化工具、平台等	计算机与互联网应用能力
管会系统建设、业财系统建设经验	动手能力
强好奇心	工程职业道德
强学习能力	自学能力
强执行力	实干与执行能力
良好的沟通能力	人际交往能力
CPA、ACCA、AICPA	专业或业务能力
JAVA开发工作经验	动手能力
多线程、消息队列及设计模式	专业或业务能力
springmvc、springboot、springcloud、mybatis等框架和组件的使用	计算机与互联网应用能力
http、tcp协议	专业或业务能力
linux开发环境	计算机与互联网应用能力
使用linux命令及shell脚本	计算机与互联网应用能力
良好的沟通	人际交往能力
执行能力	实干与执行能力
学习能力强	自学能力
善于沟通	人际交往能力
良好的文档编写能力	书面表达能力
Web开发经验	动手能力
使用JavaScript框架如React或Vue	计算机与互联网应用能力
扎实的数据结构和算法基础	专业或业务能力
良好的分析解决问题能力	问题解决能力
良好的学习和分享习惯	自学能力
工作积极主动，责任心强	工程职业道德
webrtc开发经验	动手能力
移动端开发经验	动手能力
腾讯云从业资格证	专业或业务能力
大数据研发经验	动手能力
数据仓库体系架构理论	专业或业务能力
数据仓库模型设计	专业或业务能力
Hadoop、Spark、Flink等离线和实时计算框架	专业或业务能力
实际项目开发经验	动手能力
Java/Python/Shell/Scala等	专业或业务能力
Linux/Unix开发环境	计算机与互联网应用能力
扎实的大数据分析和算法功底	专业或业务能力
善于交流	人际交往能力
良好的团队合作精神	团队协作能力
协调沟通能力	组织与协调能力
腾讯云pgsql、oceanus等组件	专业或业务能力
逻辑思维清晰	分析能力
主动性强	工程职业道德
较强的逻辑分析能力	分析能力
OC/C++开发经验	动手能力
stl等标准	专业或业务能力
音视频相关开发经验	动手能力
编程基本功扎	专业或业务能力
面向对象程序设计	专业或业务能力
常见的设计模式	专业或业务能力
主动学习思考	自学能力
责任心强，对技术有强烈兴趣	工程职业道德
思路严谨	分析能力
良好的分析解决问题能力	问题解决能力
独立承担任务	实干与执行能力
协作能力	团队协作能力
抗压能力	情绪管理能力
强烈的主人翁意识推进项目进展	工程职业道德
腾讯云从业资格证	专业或业务能力
建模经验	动手能力
点、线、面、体、栅格等空间数据结构	专业或业务能力
数据结构和算法基础	专业或业务能力
地理信息科学、三维图形学基础理论	专业或业务能力
GIS\BIM	专业或业务能力
Python、Java语言	专业或业务能力
三维地理可视模块的架构设计	专业或业务能力
业界常用框架（React、Vue）	专业或业务能力
Web标准	专业或业务能力
常用设计模式	专业或业务能力
JavaScript/TypeScript和前端工程化脚手架	专业或业务能力
大型项目开发经验	动手能力
丰富的开发经验	动手能力
自我学习能力	自学能力
Web前端技术有强烈兴趣	工程职业道德
对Web前沿技术研究和新技术调研	分析能力
前端开发经验	动手能力
机器学习工程开发经验	动手能力
前沿机器学习技术	专业或业务能力
深度学习框	专业或业务能力
开源经验	动手能力
游戏AI领域相关工作	动手能力
游戏AI开发流程	专业或业务能力
分布式强化学习AI工程平台开发经验	动手能力
Linux开发环境	计算机与互联网应用能力
Python/C++/go编程语言	专业或业务能力
优秀的问题分析	分析能力
解决能力	问题解决能力
善于沟通和交流	人际交往能力
视频编解码底层算法及标准	专业或业务能力
C/C++编程	专业或业务能力
PC/移动端汇编优化经验	动手能力
多线程开发经验	动手能力
ffmpeg，x264，x265	专业或业务能力
算法、数据结构基础	专业或业务能力
沟通交流能力强	人际交往能力
工作积极主动	工程职业道德
良好的团队协作能力	团队协作能力
工作经验	动手能力
计费系统设计研发经验	动手能力
linux环境下c++、go语言的开发	专业或业务能力
分布式事务处理	专业或业务能力
常见设计模式	专业或业务能力
Linux/Unix操作系统	专业或业务能力
网络编程、多线程编程、分布式系统开发	专业或业务能力
Mysql数据库	专业或业务能力
高并发、高一致的问题	专业或业务能力
良好的表达能力	口头表达能力
与团队沟通协作能力	团队协作能力
开源协同Oteam相关工作	动手能力
作富有激情	工程职业道德
掌握C++	专业或业务能力
掌握一门脚本语言,	专业或业务能力
3D游戏开发相关技术	专业或业务能力
UE4/Unity引擎底层原理	专业或业务能力
优秀的学习能力	自学能力
热爱游戏事业	工程职业道德
FPS游戏熟悉	专业或业务能力
热爱	工程职业道德
掌握HTML5/ES6/CSS3等Web开发技能	专业或业务能力
框架和库的使用经验	动手能力
Node开发经验	动手能力
经验	动手能力
Web标准	专业或业务能力
高保真还原设计稿	专业或业务能力
良好的编程思想和编码习惯	专业或业务能力
很强的学习能力	自学能力
有责任心和进取心	工程职业道德
乐于学习和技术分享	自学能力
抗压能力强	情绪管理能力
系统测试或测试开发经验	动手能力
软件测试流程和规范	专业或业务能力
主流自动化测试、性能测试的工具和方法	计算机与互联网应用能力
扎实的测试分析设计能力	专业或业务能力
良好的代码基础	专业或业务能力
Python/Java/Go	专业或业务能力
相关测试工具平台建设	动手能力
较强的问题定位和推动能力	问题解决能力
扎实的跨平台C++项目开发经验	动手能力
常用数据结构与算法	专业或业务能力
常用的设计模式	专业或业务能力
行业背景	动手能力
前端工作经验	动手能力
HTML/CSS/JavaScript	专业或业务能力
良好的JS功底	专业或业务能力
Vue/React中至少一种前端框架	专业或业务能力
vu	专业或业务能力
良好的学习能力	自学能力
沟通能力	人际交往能力
团队协作能力	团队协作能力
分析问题解决问题能力	问题解决能力
责任心强	工程职业道德
Go语言基础	专业或业务能力
数据结构和算法设计	专业或业务能力
Go语言	专业或业务能力
熟悉Java语言	专业或业务能力
Linux服务器开发经验	动手能力
常见的部署及运维操作指令	专业或业务能力
容器架构	专业或业务能力
Docker、K8S原理	专业或业务能力
熟练使用	计算机与互联网应用能力
掌握一门脚本语言	专业或业务能力
解决问题的能力	问题解决能力
突出的主观能动性	工程职业道德
高度的设计抽象能力	专业或业务能力
思路清晰	分析能力
表达能力较好	口头表达能力
独立的需求分析和方案设计能力	实干与执行能力
面向ToB行业做过复杂系统开发设计	动手能力
音视频图像处理开发经验	动手能力
Linux/Unix下C/C++、java、golang、Python/Shell	专业或业务能力
多线程/多进程程序开发	专业或业务能力
kubernetes/docker等项目经验	动手能力
社区贡献	动手能力
源码以及原理	专业或业务能力
业界大规模分布式系统经验	动手能力
TDSQL、Redis、Mongodb等相关经验	动手能力
http系列、quic、websocket	专业或业务能力
k8s、docker以及腾讯云	专业或业务能力
数据工程或者分析相关经验	动手能力
hive或者mysql	专业或业务能力
效率优化意识和能力	专业或业务能力
掌握SQL	专业或业务能力
python	专业或业务能力
良好的学习能力	自学能力
沟通能力	人际交往能力
后台开发工作经验	动手能力
基本功扎实	专业或业务能力
Linux开发环境	计算机与互联网应用能力
常用Linux命令	计算机与互联网应用能力
至少一种数据库/数据存储类组件使用	计算机与互联网应用能力
TCP/IP,HTTP等通信协议	专业或业务能力
Socket网络编程	专业或业务能力
大规模并发服务器开发经验	动手能力
非常清晰的思考	分析能力
分析能力	分析能力
良好的沟通能力	人际交往能力
团队协作能力	团队协作能力
责任心	工程职业道德
承受一定强度的工作压力	情绪管理能力
移动端Web/Hybrid开发	专业或业务能力
Web标准和兼容性	专业或业务能力
运用	计算机与互联网应用能力
良好的代码风格、接口设计与程序架构能力	专业或业务能力
服务器端编程语言	专业或业务能力
思路清晰	分析能力
良好的沟通能力	人际交往能力
团队协作精神	团队协作能力
扎实的计算机基础	专业或业务能力
Java/Go/Python	专业或业务能力
Linux软件开发环境	计算机与互联网应用能力
云原生相关技术	专业或业务能力
Docker、k8s、微服务架构等有实践经验	动手能力
良好的分析解决问题能力	问题解决能力
独立承担任务	实干与执行能力
有系统进度把控能力	时间管理能力
良好的对外沟通	组织与协调能力
团队协作能力	团队协作能力
主动，好学	自学能力
腾讯云从业资格证	专业或业务能力
前端工作经验	动手能力
B/S开发技术	专业或业务能力
精通Vue或React框架	专业或业务能力
框架性能优	专业或业务能力
自动化工程工具的使用和配置	计算机与互联网应用能力
Web常见安全漏洞有较深入的理解	专业或业务能力
相关实践	动手能力
基本的计算机网络概念	专业或业务能力
HTTP协议	专业或业务能力
TCP/IP的基本工作原理	专业或业务能力
各种Web标准规范	专业或业务能力
较强的沟通交流	人际交往能力
团队合作能力	团队协作能力
较强的工作主动性	工程职业道德
学习进取精神	自学能力
承担工作压力	情绪管理能力
AI与大数据、AI与推介算法结合的相关领域工作	动手能力
游戏研发、运营相关的经验	动手能力
游戏用户画像分类	专业或业务能力
用户内容推送相关领域工作经验	动手能力
掌握C/C++	专业或业务能力
掌握	专业或业务能力
数据仓库理论知识	专业或业务能力
热爱游戏行业	工程职业道德
较强的学习能力	自学能力
沟通能力	人际交往能力
团队协作能力	团队协作能力
心态开放，乐于分享学习	工程职业道德
自驱	工程职业道德
抗压能力强	情绪管理能力
后台开发工作经验	动手能力
Linux/Unix下C/C++、java、go、Python/Shell	专业或业务能力
多线程/多进程程序开发	专业或业务能力
kubernetes/docker等项目经验	动手能力
社区	实干与执行能力
源码以及原理	专业或业务能力
业界大规模分布式系统经验	动手能力
Redis、Mongodb等相关经验	动手能力
较强的逻辑思维能力	分析能力
沟通能力	人际交往能力
自我驱动	时间管理能力
自我管理	时间管理能力
后台开发经验	动手能力
语言基础扎实	专业或业务能力
Java开发	专业或业务能力
使用各类中间件并了解其原理	计算机与互联网应用能力
数据库编程	专业或业务能力
数据建模能力	专业或业务能力
数据分库分表设计能力	专业或业务能力
linux系统及常用指令	专业或业务能力
Docker化的开发和部署	专业或业务能力
热爱编程	工程职业道德
技术领域保持好奇心和求知欲	工程职业道德
较强的学习能力	自学能力
富有激情、自驱力和责任心	工程职业道德
良好的问题分析能力	分析能力
顺畅的沟通能力	人际交往能力
团队合作能力	团队协作能力
后台开发经验	动手能力
语言基础扎实	专业或业务能力
Java开发	专业或业务能力
使用各类中间件并了解其原理	计算机与互联网应用能力
数据库编程	专业或业务能力
数据建模能力	专业或业务能力
数据分库分表设计能力	专业或业务能力
linux系统及常用指令	专业或业务能力
Docker化的开发和部署	专业或业务能力
hadoop技术体系	专业或业务能力
hive、flink、yarn等主流计算框架	专业或业务能力
OLAP技术分析挖掘大数据价值	专业或业务能力
主流MPP数据库	专业或业务能力
热爱编程	工程职业道德
较强的学习能力	自学能力
富有激情、自驱力和责任心	工程职业道德
良好的问题分析能力	分析能力
顺畅的沟通能力	人际交往能力
团队合作能力	团队协作能力
扎实的计算机和软件技术基础	专业或业务能力
扎实的测试基础	专业或业务能力
独立负责一个产品线的测试工作	实干与执行能力
良好的学习能力	自学能力
技术钻研能力	分析能力
自我持续优化的驱动力	工程职业道德
发现问题的灵敏嗅觉	问题解决能力
解决的能力	问题解决能力
良好的团队合作精神	团队协作能力
协调沟通	组织与协调能力
较高的问题推动解决能力	问题解决能力
ToB相关质量管理经验	动手能力
较强项目管理能力	专业或业务能力
自动化测试、专项测试或白盒测试工具和平台建设	动手能力
扎实的计算机和软件技术基础	专业或业务能力
软件开发经验	动手能力
Golang/Python/Java/C/C++	专业或业务能力
构建工具	计算机与互联网应用能力
良好的软件工程素养	专业或业务能力
大型软件系统的研发、测试或运维工具平台的研发经验	动手能力
云原生技术架构设计经验	动手能力
发现问题的	问题解决能力
针对复杂问题的分析	分析能力
解决的能力	问题解决能力
自我持续提升的内驱力	工程职业道德
React及其相关的技术栈	专业或业务能力
前端前沿技术的敏	工程职业道德
合理的运用相关的技术解决问题	实干与执行能力
积极思考	分析能力
相关工作经验	动手能力
Scala/Python/C++	专业或业务能力
扎实的算法基础和编程能力	专业或业务能力
良好的沟通力	人际交往能力
跨团队协作能力	组织与协调能力
lbs/wifi相关经验	动手能力
广告推荐相关经验	动手能力
IOS或Mac开发经验	动手能力
精通Objective-C，熟悉Swift。	专业或业务能力
扎实的数据结构和算法基础	专业或业务能力
计算机基础	专业或业务能力
Git等工具开发	专业或业务能力
良好的分析解决问题能力	问题解决能力
良好的学习和分享习惯	自学能力
工作积极主动，责任心强	工程职业道德
跨平台或音视频开发经验	动手能力
腾讯云从业资格证	专业或业务能力
相关工作经验	动手能力
深度学习、强化学习	专业或业务能力
linux/Unix平台开发环境	计算机与互联网应用能力
Python/C++等	专业或业务能力
实际项目应用经验	动手能力
优秀的问题分析	分析能力
解决能力	问题解决能力
良好的沟通	人际交往能力
学习能力	自学能力
熟悉FPS游戏	专业或业务能力
游戏AI算法经验	动手能力
Web开发经验	动手能力
使用JavaScript框架如React或Vue	计算机与互联网应用能力
扎实的数据结构和算法基础	专业或业务能力
良好的分析解决问题能力	问题解决能力
良好的学习和分享习惯	自学能力
工作积极主动，责任心强	工程职业道德
webrtc开发经验	动手能力
移动端开发经验	动手能力
腾讯云从业资格证	专业或业务能力
IOS或Mac开发经验	动手能力
精通Objective-C，熟悉Swift。	专业或业务能力
扎实的数据结构和算法基础	专业或业务能力
计算机基础	专业或业务能力
Git等工具开发	专业或业务能力
良好的分析解决问题能力	问题解决能力
良好的学习和分享习惯	自学能力
工作积极主动，责任心强	工程职业道德
跨平台或音视频开发经验	动手能力
腾讯云从业资格证	专业或业务能力
扎实的计算机学科基础	专业或业务能力
常见的数据结构和算法	专业或业务能力
客户端开发相关经验	动手能力
Java及Android开发基础	专业或业务能力
Java、Native、ANR崩溃收集和分析过程	专业或业务能力
Android插桩相关技术	专业或业务能力
热爱质量管理工作	工程职业道德
运营质量	专业或业务能力
独立思考能力	分析能力
独立完成工作	实干与执行能力
组织能力，	组织与协调能力
推动落地	实干与执行能力
较强的数据分析能力	分析能力
问题解决能力	问题解决能力
注重团队精神的	团队协作能力
独立完成相关工作	实干与执行能力
注重主动性和有效性	工程职业道德
坚持原则但不固执	工程职业道德
较强的沟通能力	人际交往能力
协调能力	组织与协调能力
高度的责任心	工程职业道德
互联网业务质量管理经验	动手能力
QA或过程改进相关工作经验	动手能力
扎实的计算机和软件技术基础	专业或业务能力
扎实的测试经验	动手能力
高效发现系统缺陷	问题解决能力
软件测试开发经验	动手能力
掌握运用至少一门编程语言	专业或业务能力
Devops理念	专业或业务能力
CI/CD持续集成相关经验	动手能力
参与过ToC/ToB项目交付的标准化测试体系建设	动手能力
C端/B端项目的标准化流程	专业或业务能力
热爱学习	工程职业道德
自我持续优化的驱动力	工程职业道德
一定抗压能力	情绪管理能力
自驱力	时间管理能力
较强责任心	工程职业道德
团队协作精神	团队协作能力
工作经验	动手能力
Linux开发环境	计算机与互联网应用能力
掌握C/C++编程语言	专业或业务能力
掌握至少一门脚本语言	专业或业务能力
海量在线服务架构设计和运营经验	动手能力
大系统工程	专业或业务能力
高并发、高可用、高性能	专业或业务能力
体系性的理解	专业或业务能力
项目经验	动手能力
平台硬件高性能计算优化经验	动手能力
工程架构经营	动手能力
相关工作经验	动手能力
Linux开发环境	计算机与互联网应用能力
Java/Golang/C++	专业或业务能力
数据结构，算法和编程功底	专业或业务能力
SQL操作	计算机与互联网应用能力
TCP/IP协议栈	专业或业务能力
TCP/UDP网络编程相关经验	动手能力
使用过HDFS，Ceph等分布式文件系统	动手能力
K8S和Docker等容器技术	专业或业务能力
优秀的分析问题	分析能力
解决问题能力	问题解决能力
团队合作意识	团队协作能力
良好的责任心	工程职业道德
善于沟通	人际交往能力
工作上能自主驱动	工程职业道德
富有创新精神	创新能力
腾讯云技术认证	专业或业务能力
腾讯云从业资格证	专业或业务能力
相关工作经验	动手能力
Linux开发环境	计算机与互联网应用能力
Java/Golang/C++	专业或业务能力
数据结构，算法和编程功底	专业或业务能力
SQL操作	计算机与互联网应用能力
TCP/IP协议栈	专业或业务能力
TCP/UDP网络编程相关经验	动手能力
使用过HDFS，Ceph等分布式文件系统	动手能力
K8S和Docker等容器技术	专业或业务能力
优秀的分析问题	分析能力
解决问题能力	问题解决能力
团队合作意识	团队协作能力
良好的责任心	工程职业道德
善于沟通	人际交往能力
工作上能自主驱动	工程职业道德
富有创新精神	创新能力
腾讯云技术认证	专业或业务能力
腾讯云从业资格证	专业或业务能力
开发工作经验	动手能力
游戏开发工作经验	动手能力
渲染技术有研究或者性能优化特长	专业或业务能力
与他人良好配合、协作	团队协作能力
认真、严谨	工程职业道德
大型互联网产品或分布式系统开发设计经验	动手能力
java编程基础	专业或业务能力
Spring等开源框架	专业或业务能力
Java内存模型、多线程、NIO、类加载	专业或业务能力
ES,Hadoop、hbase、spark等源码经验	动手能力
大数据产品研发经验	动手能力
相关开发管理经验	动手能力
相关工作经验	动手能力
Linux开发环境	计算机与互联网应用能力
Java/Golang/C++	专业或业务能力
数据结构，算法和编程功底	专业或业务能力
SQL操作	计算机与互联网应用能力
TCP/IP协议栈	专业或业务能力
TCP/UDP网络编程相关经验	动手能力
使用过HDFS，Ceph等分布式文件系统	动手能力
K8S和Docker等容器技术	专业或业务能力
优秀的分析问题	分析能力
解决问题能力	问题解决能力
团队合作意识	团队协作能力
良好的责任心	工程职业道德
善于沟通	人际交往能力
工作上能自主驱动	工程职业道德
富有创新精神	创新能力
腾讯云技术认证	专业或业务能力
腾讯云从业资格证	专业或业务能力
扎实	专业或业务能力
优秀的工程实现能力	专业或业务能力
Linux开发环境	计算机与互联网应用能力
精通java，或者python	专业或业务能力
开源框架经验	动手能力
机器学习知识背景	专业或业务能力
实践经验	动手能力
解决问题的能力	问题解决能力
学习能力	自学能力
团队合作意识	团队协作能力
精通C/C++	专业或业务能力
扎实的数据结构和算法基础	专业或业务能力
常用设计模式	专业或业务能力
UE或Unity引擎开发经验	动手能力
大型游戏项目管线开发经验	动手能力
大前端开发经验	动手能力
责任感	工程职业道德
良好的沟通能力	人际交往能力
团队合作精神	团队协作能力
良好的抗压能力	情绪管理能力
游戏开发充满热情	工程职业道德
Java开发经验	动手能力
团队管理经验	动手能力
微服务体系架构	专业或业务能力
NoSQL、关系数据库、分布式数据库	专业或业务能力
OpenAPI/Swagger设计及工具链等	专业或业务能力
常见的关系型数据库	专业或业务能力
多集群/集群内负载均衡、跨城/跨机房容灾切换	专业或业务能力
英语能	外语能力
IntelCRPS设计标准与系统	专业或业务能力
了解PSUAC/DC电源拓扑	专业或业务能力
测试相关经验	动手能力
电源相关的安规	专业或业务能力
PSU相关问题的解决经验	动手能力
PSU设计经验	动手能力
整机柜供电架构	专业或业务能力
powershelf	专业或业务能力
整机柜供电的设计交付经验	动手能力
当前	信息收集能力
整机柜供电方案从设计	专业或业务能力
行业48V转12V的电源方案/	专业或业务能力
整机柜结构设计和关键电气接插件选型	专业或业务能力
整机柜后备电池系统方案及风险点	专业或业务能力
大型数据中心IT电气架构设计、应用经验	动手能力
数据中心电力系统的行业供应链状况	专业或业务能力
电池业界动态	专业或业务能力
良好的技术方向把控	分析能力
严谨认真的工作态度	工程职业道德
良好的团队合作精神	团队协作能力
沟通协调能力	组织与协调能力
相关工作经验	动手能力
Linux开发环境	计算机与互联网应用能力
Java/Golang/C++	专业或业务能力
数据结构，算法和编程功底	专业或业务能力
SQL操作	计算机与互联网应用能力
TCP/IP协议栈	专业或业务能力
TCP/UDP网络编程相关经验	动手能力
使用过HDFS，Ceph等分布式文件系统	动手能力
K8S和Docker等容器技术	专业或业务能力
优秀的分析问题	分析能力
解决问题能力	问题解决能力
团队合作意识	团队协作能力
良好的责任心	工程职业道德
善于沟通	人际交往能力
工作上能自主驱动	工程职业道德
富有创新精神	创新能力
腾讯云技术认证	专业或业务能力
腾讯云从业资格证	专业或业务能力
C/C++或者go程序设计和开发	专业或业务能力
两年	动手能力
相关程序开发设计经验	动手能力
Unix/Linux网络编程	专业或业务能力
tcp/http以及后台服务器程序开发调试	专业或业务能力
关系型数据库和	专业或业务能力
良好	人际交往能力
分析解决问题的能力	问题解决能力
团队合作意识	团队协作能力
乐于分享	团队协作能力
高并发/海量服务设计经验	动手能力
大数据分析/处理经验	动手能力
互联网产品或云计算平台的后台开发经验	动手能力
Python/C++/Java	专业或业务能力
软硬件性能优化	专业或业务能力
工作踏实、积极主动	工程职业道德
承受一定的工作压力	情绪管理能力
良好的分析	分析能力
研究	问题解决能力
解决问题能力	问题解决能力
较强的沟通表达	人际交往能力
团队协作	团队协作能力
项目管理能力	领导力
Docker、Kubernetes底层技术	专业或业务能力
云原生架构设计或Serverless应用开发经验	动手能力
大数据组件的开发或使用经验	动手能力
深入的实践或调优经验	动手能力
掌握视频、流媒体常见的协议	专业或业务能力
音视频编解码技术	专业或业务能力
系统的研发或运维经验	动手能力
5年以上开发经验	动手能力
架构经验	动手能力
技术栈全面	专业或业务能力
网络、数据库、存储、信息安全等技术	专业或业务能力
主流互联网公司典型产品的技术架构	专业或业务能力
项目经历	动手能力
搜索推荐架构经验	动手能力
较强的工作责任心	工程职业道德
良好的沟通协调能力	人际交往能力
独立解决问题	问题解决能力
学习能力	自学能力
新技术充满好奇心	工程职业道德
良好的自驱力	工程职业道德
学习能力	自学能力
5人以上团队的管理经验	动手能力
互联网行业的应用	计算机与互联网应用能力
浓厚的兴趣	工程职业道德
一种大数据处理和分析工具	计算机与互联网应用能力
较强沟通	人际交往能力
跨团队合作能力	组织与协调能力
Javascript开发经验	动手能力
掌握HTML/CSS相关技术	专业或业务能力
掌握前端框架（React)；	专业或业务能力
掌握浏览器兼容性	专业或业务能力
实践经验	动手能力
三维可视化和计算机图形学相关知识	专业或业务能力
OpenGL/WebGL	专业或业务能力
熟悉一种WebGL的封装库	专业或业务能力
认真负责	工程职业道德
思路周密	分析能力
良好的沟通能力	人际交往能力
出色的团队合作精神	团队协作能力
学习能力强	自学能力
一定的抗压能力	情绪管理能力
扎实的计算机和软件技术基础	专业或业务能力
扎实的测试经验	动手能力
高效发现系统缺陷	问题解决能力
软件测试开发经验	动手能力
掌握运用至少一门编程语言	专业或业务能力
Devops理念	专业或业务能力
CI/CD持续集成相关经验	动手能力
参与过ToC/ToB项目交付的标准化测试体系建设	动手能力
C端/B端项目的标准化流程	专业或业务能力
热爱学习	工程职业道德
自我持续优化的驱动力	工程职业道德
一定抗压能力	情绪管理能力
自驱力	时间管理能力
较强责任心	工程职业道德
团队协作精神	团队协作能力
后台开发经验	动手能力
掌握多线程/多进程程序开发	专业或业务能力
TCP/IP、HTTP等通信协议	专业或业务能力
大规模并发服务器开发经验	动手能力
DevOps流程	专业或业务能力
shell、python、ruby等	专业或业务能力
工作经验	动手能力
JavaScript、HTML、CSS等前	专业或业务能力
使用ES6、HTML5；	计算机与互联网应用能力
浏览器原理及常见网络协议	专业或业务能力
项目中的安全和性能问题进行分析解决	问题解决能力
掌握至少一个前端主流框架	专业或业务能力
Grunt、Gulp、Webpack其中	计算机与互联网应用能力
前端工程化经验	动手能力
微信小程序开发	专业或业务能力
跨端开发经验	动手能力
后台语言	专业或业务能力
Web前端技术有强烈兴趣	工程职业道德
对Web前沿技术研究和新技术调研	信息收集能力
良好的学习能力	自学能力
团队合作精神	团队协作能力
产品理解力	分析能力
较强的团队协作	团队协作能力
沟通能力	人际交往能力
思维活跃	分析能力
学习能力	自学能力
责任心强	工程职业道德
Linux后台C++/Go项目开发经验	动手能力
全面的软件知识结构	专业或业务能力
掌握MySQL、Kafka、Redis、ES等常用组件	计算机与互联网应用能力
良好的分析解决问题能力	问题解决能力
独立承担任务	实干与执行能力
把控系统进度	时间管理能力
责任心强	工程职业道德
良好的对外沟通	组织与协调能力
团队协作能力	团队协作能力
主动好学	自学能力
云原生相关技术	专业或业务能力
Docker、k8s、微服务架构等有实践经验	动手能力
腾讯云技术认证	专业或业务能力
腾讯云从业资格证	专业或业务能力
扎实的计算机和软件技术基础	专业或业务能力
后端系统开发经验	动手能力
golang/python/php等	专业或业务能力
mysql/redis/memcache	专业或业务能力
mysql性能调优经验	动手能力
良好的代码风格、接口设计规范	专业或业务能力
实践经验	动手能力
实践及推动经验	动手能力
热爱学习	工程职业道德
自我持续优化的驱动力	工程职业道德
docker、K8s、cloudnative、微服务	专业或业务能力
有实践	动手能力
良好的团队合作精神	团队协作能力
协调沟通	组织与协调能力
较强的问题定位	问题解决能力
推动解决能力	问题解决能力
开发语言基础	专业或业务能力
计算机网络、数据结构、操作系统基础	专业或业务能力
互联网后台服务开发经验	动手能力
技术专研能力	专业或业务能力
分析问题解决问题能力	问题解决能力
承担的任务有较好的把控力	实干与执行能力
Linux后台C++/Go项目开发经验	动手能力
全面的软件知识结构	专业或业务能力
掌握MySQL、Kafka、Redis、ES等常用组件	计算机与互联网应用能力
良好的分析解决问题能力	问题解决能力
独立承担任务	实干与执行能力
把控系统进度	时间管理能力
责任心强	工程职业道德
良好的对外沟通	组织与协调能力
团队协作能力	团队协作能力
主动好学	自学能力
云原生相关技术	专业或业务能力
Docker、k8s、微服务架构等有实践经验	动手能力
腾讯云技术认证	专业或业务能力
Linux网络编程及常用命令	专业或业务能力
Java及面向对象设计开发	专业或业务能力
研究过优秀开源软件的源码	动手能力
常见设计模式	专业或业务能力
Spring	专业或业务能力
流行开源框架	专业或业务能力
常用的数据结构和算法	专业或业务能力
MySQL应用开发	专业或业务能力
数据库原理和常用性能优化技术	专业或业务能力
NoSQL、消息队列的原理	专业或业务能力
服务器硬件	专业或业务能力
电商交易平台开发经验	动手能力
积极进取、诚实正直、责任心强	工程职业道德
较好的沟通能力	人际交往能力
数据挖掘领域的理论基础与前沿研究	专业或业务能力
丰富的数据挖掘实战经验	动手能力
聚类、分类等机器学习和深度学习算法	专业或业务能力
核心算法	专业或业务能力
常用的数据结构和算法	专业或业务能力
图计算相关算法	专业或业务能力
影响传播模型	专业或业务能力
因果推断模型、最优化算法	专业或业务能力
较强的概率与数理统计基础	专业或业务能力
海量数据挖掘经验	动手能力
分布式计算框架	专业或业务能力
深度学习平台	专业或业务能力
karas的原理	专业或业务能力
使用	专业或业务能力
逻辑思维	分析能力
沟通能力	人际交往能力
游戏场景相关业务熟悉	专业或业务能力
团队协作能力	团队协作能力
能抗压	情绪管理能力
爱学习	自学能力
竞技手游测试经验	动手能力
应用	计算机与互联网应用能力
移动互联网相关经验	动手能力
主流操作系统原理	专业或业务能力
专项测试经验	动手能力
